Ensembl,Gene.symbol,baseMean,log2FoldChange,p.value,p.adjust
ENSG00000162892,IL24,16.563479705526,6.66551996537638,0.0138294689200438,0.0301472221584201
ENSG00000170465,KRT6C,9921.44560201053,5.32449626079709,5.27471039543264e-64,1.30944685566615e-59
ENSG00000197915,HRNR,70.6354670836304,5.29159466119928,1.17145626088384e-14,2.29529610705931e-13
ENSG00000142224,IL19,48.5400508949817,5.28519767379193,0.00656257440145181,0.0156211562734424
ENSG00000184330,S100A7A,2891.84338564137,4.82845282162649,7.30796336830233e-50,2.26775238272632e-46
ENSG00000229035,SPRR2C,27.5699900101319,4.64974449296599,2.41906236788132e-15,5.33806429179145e-14
ENSG00000206073,SERPINB4,5482.39737653306,4.64487643999698,2.36322522086528e-44,3.45100388870473e-41
ENSG00000163209,SPRR3,18.2528718018059,4.63489258755057,3.27236339872575e-16,8.36626378716444e-15
ENSG00000143546,S100A8,28551.8484302416,4.51064041743321,5.02432483746069e-53,2.49457728179923e-49
ENSG00000196611,MMP1,502.397055132124,4.38185699764206,9.48584139612636e-31,2.90723472418317e-28
ENSG00000124875,CXCL6,12.5555341304026,4.20442145951809,4.23119233838859e-16,1.07292492135339e-14
ENSG00000136694,IL36A,23.2279288930673,4.11222630356025,4.50108720678289e-23,3.62790551650602e-21
ENSG00000244094,SPRR2F,348.246562396804,3.98664284872111,4.29666559699159e-34,2.09146516559443e-31
ENSG00000163220,S100A9,43021.8019086914,3.83094183741092,3.58567667725891e-49,9.89049150143917e-46
ENSG00000169429,CXCL8,229.164060114995,3.82510662408548,2.24657402031929e-24,2.1700856052306e-22
ENSG00000175426,PCSK1,42.053297466717,3.75675653363019,2.1146847184101e-29,4.86083779023433e-27
ENSG00000185962,LCE3A,826.202162586071,3.75222041769869,6.82052414954999e-50,2.26775238272632e-46
ENSG00000163221,S100A12,62.2169649773641,3.5802515020944,3.5117436503338e-34,1.74358072239073e-31
ENSG00000186832,KRT16,55247.9995824086,3.56515564879487,1.6424748034233801e-57,1.20244615241307e-53
ENSG00000171711,DEFB4A,443.723198364753,3.56130178286002,8.23483024013715e-33,3.6505296555608e-30
ENSG00000108688,CCL7,3.60908205521089,3.53207108078627,1.01993480564737e-15,2.40912288774463e-14
ENSG00000214822,KRT16P3,20.1607920868698,3.51242969446632,1.14466897555755e-32,4.9853346172309e-30
ENSG00000128383,APOBEC3A,105.016025741847,3.4830402607265,4.94580164542628e-30,1.27895339424695e-27
ENSG00000163739,CXCL1,67.6967026853523,3.44649939314459,6.82068780444056e-25,7.27995119145436e-23
ENSG00000242512,LINC01206,4.02592813642108,3.43684920083109,4.26799806096065e-18,1.49229650511758e-16
ENSG00000241794,SPRR2A,4528.51328129008,3.38741819090219,7.15596861060816e-38,5.38324002298023e-35
ENSG00000231412,AC005392.2,4.93934309229909,3.31156986979608,1.08430057165364e-8,8.05438710092811e-8
ENSG00000134827,TCN1,246.085945193343,3.31133133152215,2.28664582246165e-37,1.62188521550315e-34
ENSG00000214856,KRT16P1,12.4608245722901,3.29964421505019,2.45462079590371e-25,2.86084325156383e-23
ENSG00000244057,LCE3C,169.880477620472,3.29334490142795,2.83239594131281e-25,3.25528839088382e-23
ENSG00000177257,DEFB4B,14.0799091136864,3.28071166512656,4.09368814690369e-6,1.9472519658245e-5
ENSG00000124102,PI3,3235.04711651129,3.26135768808916,1.19583184606648e-37,8.73133105252951e-35
ENSG00000167634,NLRP7,1.97292128782136,3.2362983105685,0.00395146164719604,0.00996090936145834
ENSG00000166670,MMP10,33.3606118018119,3.17819585097865,2.5346660621367e-9,2.10023648172709e-8
ENSG00000227300,KRT16P2,18.0853106950642,3.1564229996871,2.73276829781523e-24,2.59927099591046e-22
ENSG00000188293,IGFL1,171.050418237041,3.10223229189493,3.09327547117142e-31,1.03771031853825e-28
ENSG00000224784,AL591704.2,8.81422388472468,3.0910667518315,1.57393711069122e-13,2.59966658502393e-12
ENSG00000205420,KRT6A,73604.6009169031,3.04960990055133,5.4330714351107e-42,5.86417384246188e-39
ENSG00000229961,AL357143.1,5.03539883518054,2.91282049951612,1.19708526635456e-16,3.3241209996926e-15
ENSG00000150337,FCGR1A,10.9773016303867,2.90609832170304,1.26260133468724e-20,6.78443249645256e-19
ENSG00000204936,CD177,76.3513628159613,2.89783668110141,5.39968420530464e-18,1.85918391673631e-16
ENSG00000135625,EGR4,3.08404859363197,2.87392375721622,9.90450949834346e-11,1.0318063294015e-9
ENSG00000189410,SH2D5,50.5856066160879,2.84340051800426,1.2413071527007e-32,5.31300863203359e-30
ENSG00000181617,FDCSP,7.59212300886528,2.83072069795421,9.22117798505512e-9,6.92844259924314e-8
ENSG00000279617,AC005796.1,1.72837454604963,2.81641577022099,0.0235642613180956,0.0480557617039123
ENSG00000135114,OASL,235.045888899393,2.80784269290754,1.80311534553424e-59,2.23811692264438e-55
ENSG00000129988,LBP,6.46782260001655,2.80134010353113,3.50244602192097e-14,6.43108154542811e-13
ENSG00000269404,SPIB,12.2098457372117,2.79616116838567,7.26999534925393e-25,7.67989934235016e-23
ENSG00000070748,CHAT,2.35963566977196,2.79194723363768,3.8852305400696e-8,2.61881205965864e-7
ENSG00000136244,IL6,12.6016753793056,2.74918189614456,5.98577240246898e-15,1.23419269012701e-13
ENSG00000262406,MMP12,457.743403818612,2.73294946776507,3.93511012204873e-17,1.17982015434613e-15
ENSG00000273272,U62317.5,2.33261277105534,2.7319959242918,9.86085508639715e-15,1.95993376717221e-13
ENSG00000162891,IL20,11.0450956679476,2.66733554415277,1.45128889362746e-12,2.04010457442252e-11
ENSG00000108417,KRT37,14.6787639386962,2.62295785399404,9.07111687911585e-8,5.75640277413218e-7
ENSG00000276980,AC008760.2,4.8488422056501,2.61718159704133,2.62397891924717e-7,1.5341563040582e-6
ENSG00000100721,TCL1A,8.04948410738673,2.60101389345785,4.61463597617391e-12,5.95417557736576e-11
ENSG00000099985,OSM,16.7261365804423,2.58030483934317,6.80343694613717e-22,4.67854078082702e-20
ENSG00000093134,VNN3,17.0173613182026,2.55868416845172,3.91776597900142e-20,1.88485543466493e-18
ENSG00000198074,AKR1B10,1065.31282923048,2.55216210274385,1.53705419399579e-40,1.36276322735519e-37
ENSG00000057149,SERPINB3,5514.60112797412,2.53691359435027,2.65097675801314e-46,5.48420816813968e-43
ENSG00000251230,MIR3945HG,3.32043706526889,2.48934000847453,3.73274740278925e-14,6.8086299981075e-13
ENSG00000253154,AC100801.1,3.72849047476564,2.47045762573986,1.74685071605203e-6,8.89732643126625e-6
ENSG00000050730,TNIP3,13.7534306124819,2.44290557082852,3.13813747202674e-15,6.8038657417523e-14
ENSG00000198019,FCGR1B,4.46942271053773,2.44048052273549,5.62344324407818e-9,4.39552829138037e-8
ENSG00000143556,S100A7,30850.8237376385,2.43351862101487,6.052960744776e-30,1.5178257625158e-27
ENSG00000196805,SPRR2B,2906.09060161835,2.41740551191467,4.30720099525083e-24,3.97495407833092e-22
ENSG00000276085,CCL3L3,2.91904637810768,2.40588333425859,2.62833331302198e-6,1.2984751143437e-5
ENSG00000198400,NTRK1,45.6926294461992,2.39871313716437,5.6091452024645e-14,9.98186592481585e-13
ENSG00000175592,FOSL1,249.11135732348,2.39064715870745,1.88521433589681e-28,3.57255312127009e-26
ENSG00000185966,LCE3E,2213.67769601056,2.38459324223153,2.40276679091153e-45,3.97657903895858e-42
ENSG00000153292,ADGRF1,11.9970771197316,2.36965316717329,1.42142702752174e-20,7.53994144406562e-19
ENSG00000012223,LTF,2392.67123590884,2.34243952365721,1.64126071695539e-20,8.57774679966685e-19
ENSG00000151023,ENKUR,19.6529397046404,2.33649633603129,1.75030414749916e-21,1.1404540803587e-19
ENSG00000100453,GZMB,73.3333464329283,2.32204364520342,5.07494218919703e-30,1.29881896749295e-27
ENSG00000007908,SELE,496.239273385086,2.31683313063906,1.19188693712693e-36,7.21673005223805e-34
ENSG00000127318,IL22,10.9646739983044,2.31591855469546,4.08078870694466e-13,6.28056910414762e-12
ENSG00000182585,EPGN,88.0471138416439,2.31104450447494,1.51306689507708e-21,9.9107877758017e-20
ENSG00000227471,AKR1B15,145.377562088663,2.30777826728795,2.90981225973267e-43,3.28345860672107e-40
ENSG00000151790,TDO2,7.67719290402158,2.30260999400589,4.09754159396712e-15,8.73145665838917e-14
ENSG00000184995,IFNE,2.08937395911961,2.29376918825264,6.66440276062497e-5,2.48600749109714e-4
ENSG00000171049,FPR2,20.1736602134023,2.28772751822069,3.14562273517155e-13,4.95810059686563e-12
ENSG00000128965,CHAC1,61.2710019104443,2.28752389158399,1.86217417136025e-24,1.8344632461912e-22
ENSG00000105641,SLC5A5,51.9039378295548,2.28022044439685,9.94869863351795e-16,2.3566454539798e-14
ENSG00000186407,CD300E,110.700616434578,2.26103439008414,1.52169977020726e-34,7.7094279174276e-32
ENSG00000173391,OLR1,3.35683691182605,2.25248791335703,1.21193555290016e-8,8.93298696577983e-8
ENSG00000284690,AC079325.2,6.42867858074392,2.23204657745518,1.04497296012919e-13,1.77438124043825e-12
ENSG00000187510,PLEKHG7,4.42066565640925,2.23135427048195,3.09319367302927e-9,2.52760147903067e-8
ENSG00000226806,AC011893.1,0.977618231974147,2.22031600538946,0.0129785453319533,0.0285025113115481
ENSG00000254521,SIGLEC12,4.56259680657584,2.21985419402037,8.73683230711181e-13,1.26763215677411e-11
ENSG00000011590,ZBTB32,3.32354138515351,2.21301024928974,5.0300193210244e-11,5.50574204781441e-10
ENSG00000070729,CNGB1,9.2533627012521,2.19493145247178,1.74515911103319e-11,2.0474279268147e-10
ENSG00000179428,AC073072.1,1.5715640351629,2.1864222883534,4.63914393377336e-6,2.18160159416411e-5
ENSG00000181333,HEPHL1,1094.70018240029,2.17702096716317,6.77425925271426e-30,1.68170985948631e-27
ENSG00000267712,LINC01539,1.4012664201483,2.16644662363507,1.07008655434829e-4,3.81953971411882e-4
ENSG00000163202,LCE3D,9547.93925700509,2.15624376886097,9.80961258281574e-37,6.08809080921002e-34
ENSG00000172724,CCL19,642.965583745179,2.15152604021405,1.8130124376881e-27,3.04108336254102e-25
ENSG00000138135,CH25H,60.0988733587758,2.14814273931854,8.93695749545295e-44,1.1092998491231e-40
ENSG00000177300,CLDN22,2.65401381256009,2.14290611609285,9.2145572921594e-10,8.23142802367244e-9
ENSG00000133863,TEX15,2.82684113919228,2.13383712312187,1.68528885573327e-8,1.2109202849082e-7
ENSG00000154198,CYP4Z2P,3.53307987194481,2.12355858095407,0.0114776604503378,0.0255958426769346
ENSG00000163735,CXCL5,5.81440765658917,2.12287617520175,2.70007048692276e-5,1.09399787559748e-4
ENSG00000126353,CCR7,107.905252165107,2.11542243128122,1.43888123094953e-28,2.80839750032159e-26
ENSG00000172350,ABCG4,64.499247131862,2.10088843600136,1.77687157980851e-39,1.47036123229154e-36
ENSG00000124731,TREM1,31.0600135775834,2.08971316856098,8.68036818938945e-22,5.87166594827229e-20
ENSG00000171051,FPR1,103.525619255947,2.08758718917581,3.41184479086387e-21,2.06080406163493e-19
ENSG00000181577,C6orf223,14.507505476231,2.0808015259184,6.35694339286358e-20,2.94974055566053e-18
ENSG00000260673,AL034376.2,37.0890096586081,2.06140870569051,1.98787054275385e-30,5.67228577285798e-28
ENSG00000187054,TMPRSS11A,1.19359959651923,2.05620400124726,0.013196984722095,0.0289259355223387
ENSG00000206384,COL6A6,967.547838975937,2.0536318385553902,7.15725076080955e-24,6.4376358745325e-22
ENSG00000168334,XIRP1,1.47873596798725,2.05192964424292,0.00122232325375469,0.00348423180324494
ENSG00000189013,KIR2DL4,2.12520883194346,2.0504942542857,1.60661532483129e-7,9.75641522478884e-7
ENSG00000171551,ECEL1,12.2982350439115,2.04189448050431,1.64658342484542e-24,1.64824328716885e-22
ENSG00000272666,U62317.2,34.0014524312377,2.04162445345585,6.85066755484979e-32,2.74302938788945e-29
ENSG00000156234,CXCL13,18.3657526524529,2.03495187110586,1.68852561105593e-10,1.69638398601633e-9
ENSG00000186442,KRT3,19.1546355944594,2.03409174716444,7.58127459772394e-11,8.05327949886593e-10
ENSG00000248599,FLJ42969,5.88270835023643,2.03209825501856,3.58308057204079e-22,2.51271116386759e-20
ENSG00000224557,HLA-DPB2,1.10475823648259,2.01909379413051,4.1780278284105e-4,0.00132278460451844
ENSG00000092345,DAZL,1.91903481915793,2.00903282748791,4.17272985444916e-7,2.36502325654567e-6
ENSG00000187116,LILRA5,17.453794471547,2.00461175358262,3.08111735526184e-17,9.39665090225739e-16
ENSG00000153976,HS3ST3A1,18.9392609521682,2.00348808456221,7.98627166962193e-29,1.61186336746638e-26
ENSG00000248329,APELA,24.5164077182392,1.99466244101851,4.96683383048704e-21,2.9080577792887e-19
ENSG00000027869,SH2D2A,38.3345958626274,1.98540375603364,1.25343939362606e-30,3.66078034667847e-28
ENSG00000166527,CLEC4D,2.94128296835816,1.98463616725849,1.64340251805909e-10,1.65372790882922e-9
ENSG00000271856,LINC01215,30.5308931297905,1.97352630753486,5.7146209282691e-19,2.27348500872244e-17
ENSG00000153802,TMPRSS11D,63.6654027563069,1.96561235636599,4.97481080839252e-12,6.35286411102594e-11
ENSG00000239951,IGKV3-20,178.27284016635,1.96390295149013,7.54517138087562e-5,2.78443406466831e-4
ENSG00000102970,CCL17,310.7139257024,1.95804763469156,3.3788081292628e-14,6.21785854773529e-13
ENSG00000119508,NR4A3,92.8378883932328,1.94905455942349,3.45804251503502e-26,4.69103308392045e-24
ENSG00000171889,MIR31HG,4.55818233646563,1.943175406256,5.76441981071791e-6,2.65396368325431e-5
ENSG00000121594,CD80,12.9030585829023,1.94172925125832,1.34677810780816e-13,2.24991699369701e-12
ENSG00000188037,CLCN1,7.40403786209106,1.94029320823713,3.46565162956135e-17,1.04538033662042e-15
ENSG00000104951,IL4I1,80.5842651744413,1.93114558002718,2.4394683325334e-26,3.38322912598557e-24
ENSG00000211776,TRAV2,1.58871582107727,1.93002877479719,2.04418461825547e-6,1.03018439196492e-5
ENSG00000223414,LINC00473,7.95154930308104,1.92858514758695,4.43941399719838e-15,9.41148185144746e-14
ENSG00000229754,CXCR2P1,11.6433321833732,1.92604648332812,1.07572265047136e-15,2.5288650376848e-14
ENSG00000170476,MZB1,45.3516479765119,1.92283738395315,3.4180068772896e-12,4.51580738311412e-11
ENSG00000130487,KLHDC7B,39.3878648067221,1.92019382433212,5.07381480936344e-25,5.598109006331e-23
ENSG00000137648,TMPRSS4,659.836308294185,1.91849892292266,9.18141481477678e-29,1.82342898221467e-26
ENSG00000081041,CXCL2,18.012955578821,1.91550657984488,2.9007239699872e-24,2.73804078155636e-22
ENSG00000275385,CCL18,3864.08929781053,1.90135781043911,6.28136584982646e-24,5.69105500810007e-22
ENSG00000187862,TTC24,2.58141083203897,1.89753201998725,3.45255139425401e-9,2.80463312704044e-8
ENSG00000137757,CASP5,1.96389128242927,1.88923455319555,7.37238156413348e-5,2.72756143561272e-4
ENSG00000174837,ADGRE1,7.45506315158496,1.88066587143416,2.50284163711568e-12,3.38231048673907e-11
ENSG00000168081,PNOC,2.56234692241775,1.8775723375754,1.37752686404443e-6,7.14673028211139e-6
ENSG00000169474,SPRR1A,3508.63552792361,1.87442407730524,2.15898946523079e-25,2.57677468626704e-23
ENSG00000233191,AC006372.2,1.62987259108679,1.87268510601716,3.75904739042937e-5,1.48065529595976e-4
ENSG00000253161,LINC01605,135.048874287017,1.8699490978376,1.64113638946602e-52,6.79020181141568e-49
ENSG00000122852,SFTPA1,3.65969971043294,1.86947064283164,0.00161496609545419,0.00446503322415083
ENSG00000158859,ADAMTS4,93.0155233841691,1.86310894562552,9.02811154020619e-21,5.01730541346421e-19
ENSG00000178789,CD300LB,12.2249156179008,1.86153756146493,6.70769730929092e-24,6.05522129829626e-22
ENSG00000161929,SCIMP,25.6433430607425,1.8601162045566,1.95716654500203e-24,1.91399706033873e-22
ENSG00000131015,ULBP2,16.6033324683293,1.85967227728673,3.44174825753894e-28,6.19140583285537e-26
ENSG00000198178,CLEC4C,6.81640418977427,1.85709415613909,1.50151275228654e-16,4.08270033685798e-15
ENSG00000143473,KCNH1,2.72604470771097,1.85693232877469,2.84933669859837e-8,1.96485509840846e-7
ENSG00000134028,ADAMDEC1,61.8492023611025,1.85409985946961,2.93948566743792e-18,1.0575758216543e-16
ENSG00000188373,C10orf99,1490.42701457388,1.85047817052679,2.925163520825e-45,4.53857402528004e-42
ENSG00000148702,HABP2,1.91409657379057,1.84767476336664,5.17772417468706e-5,1.97415147652598e-4
ENSG00000025708,TYMP,2001.5426254284,1.84679212912141,3.21331865339962e-46,6.1362027362035e-43
ENSG00000248099,INSL3,1.50626691234264,1.83839269550695,9.82373762662854e-6,4.32554605500272e-5
ENSG00000143297,FCRL5,14.4141314690497,1.83539187262878,1.46041244875004e-6,7.54207177870185e-6
ENSG00000197249,SERPINA1,195.534439360196,1.83535317032855,2.1212020121777e-26,2.97507570352042e-24
ENSG00000185479,KRT6B,20379.2086845751,1.82132109402312,1.02996999904678e-14,2.0357488237529e-13
ENSG00000198883,PNMA5,2.35975866894808,1.81537096734968,7.12374751882116e-6,3.22619875030661e-5
ENSG00000253746,AC091182.2,27.1146444992817,1.81343900438586,7.03391018865359e-34,3.35801577756395e-31
ENSG00000169469,SPRR1B,10257.7572318336,1.8118954767357,3.42408454447814e-36,1.93188406401522e-33
ENSG00000141433,ADCYAP1,18.624410991851,1.80923260555029,1.45757699136197e-10,1.4799324666896e-9
ENSG00000188282,RUFY4,22.5193714122152,1.80725042933836,3.50818201496319e-15,7.5599495244324e-14
ENSG00000267147,LINC01842,1.68344700004928,1.8024946584045,5.3700642354992e-5,2.03840741049339e-4
ENSG00000206072,SERPINB11,5.24885746310833,1.79815755155865,3.82716808585946e-10,3.64439768820334e-9
ENSG00000211782,TRAV8-1,1.18550097951518,1.79511354188822,7.50023254695822e-5,2.77073322884283e-4
ENSG00000101180,HRH3,17.4955781391751,1.7850232026079,3.67081607640583e-20,1.7729184649178e-18
ENSG00000165474,GJB2,8766.97013305835,1.78380231772738,8.37859031352935e-27,1.24453416255162e-24
ENSG00000085265,FCN1,131.78701860905,1.77017554893126,1.29646416239069e-22,9.72348121793019e-21
ENSG00000172382,PRSS27,345.538519984375,1.77008799783192,1.11790214381221e-46,2.52290188364893e-43
ENSG00000166948,TGM6,16.7483134131475,1.76005134687956,1.03745874204755e-7,6.50869680852427e-7
ENSG00000124780,KCNK17,2.36026791192967,1.7544654815889,3.51370104937637e-6,1.69670547657593e-5
ENSG00000169245,CXCL10,176.820216048238,1.75389416537437,3.27288506922182e-11,3.69483273503555e-10
ENSG00000100985,MMP9,328.454640657434,1.74328678311638,1.82342124395777e-20,9.45019465161832e-19
ENSG00000184557,SOCS3,636.817097730687,1.73924866622534,1.06068948248749e-26,1.53986060834806e-24
ENSG00000283283,AC013268.4,6.67786092506014,1.7269327523544,1.05629043607315e-13,1.79237252737634e-12
ENSG00000240143,AL023653.1,0.871070285795418,1.72574545211718,0.00239451046446416,0.00635965788812696
ENSG00000263264,AC119396.1,2.07755112293173,1.72502358153692,4.28450737451446e-6,2.0321531442935e-5
ENSG00000279676,AC011483.4,1.73217075102141,1.72329246838183,0.00578180079680687,0.0139705280105831
ENSG00000189127,ANKRD34B,1.41608593026066,1.71717918391673,4.84405261900326e-4,0.00151414764878816
ENSG00000171916,LGALS9C,37.7792592243417,1.71511754815089,1.73649919230129e-28,3.31604557299073e-26
ENSG00000128422,KRT17,25353.53074213,1.7145702621006,8.14183922063428e-13,1.189718089331e-11
ENSG00000168995,SIGLEC7,9.22978776423306,1.71299538649628,1.85627752865491e-21,1.19383651940047e-19
ENSG00000143839,REN,10.3829394607205,1.71172587542665,2.66276328336715e-11,3.05044293999029e-10
ENSG00000090104,RGS1,126.544985124797,1.70724651981971,1.64854760225815e-22,1.21439745477919e-20
ENSG00000211812,TRAV26-2,1.18630231827531,1.70227370151668,0.00374379787205481,0.00948461906049195
ENSG00000171611,PTCRA,1.59194235426473,1.69824043439419,1.16357191798824e-4,4.12829396370704e-4
ENSG00000169385,RNASE2,5.52661772529001,1.69756545239387,8.23438388485835e-11,8.69866297623866e-10
ENSG00000150551,LYPD1,21.9708109726624,1.69607724886367,1.77590631558325e-21,1.15109332335128e-19
ENSG00000244122,UGT1A7,118.595323348203,1.69335847878928,2.71282342319745e-21,1.6587645684945e-19
ENSG00000233387,AL121748.1,1.23114491317463,1.69305420139656,0.00415388797321332,0.0104109307354892
ENSG00000174527,MYO1H,8.90561970818379,1.68533192998711,3.70619018735429e-17,1.11387616708318e-15
ENSG00000105205,CLC,23.9065527738756,1.68420166222029,4.52282868671493e-11,4.98797077510875e-10
ENSG00000188404,SELL,145.975820730626,1.68229790584362,3.21080742724567e-27,5.17586327151778e-25
ENSG00000108691,CCL2,533.419999104944,1.68050980153113,1.00283965864901e-30,3.03603591780019e-28
ENSG00000163464,CXCR1,68.0584166991754,1.67947518320161,5.58199299992494e-19,2.22428533263462e-17
ENSG00000257017,HP,14.9134148280869,1.67831809143404,4.14096308466898e-11,4.60777268385959e-10
ENSG00000112195,TREML2,24.7540425888572,1.67084205819092,7.94994581098681e-17,2.26068046686996e-15
ENSG00000277632,CCL3,9.98025101736504,1.66824249524919,6.45762916595328e-13,9.59943976316109e-12
ENSG00000257446,ZNF878,3.46053272836195,1.66812567280784,1.21053837814704e-13,2.03739764322036e-12
ENSG00000163599,CTLA4,41.1527480094715,1.65932541212393,5.17874140137261e-21,3.01082565079801e-19
ENSG00000170298,LGALS9B,12.4338237783021,1.65920012044655,6.02473646255176e-21,3.44617702034211e-19
ENSG00000226738,U62317.1,3.45698015090097,1.65572530651154,9.56266184276744e-7,5.0888120095756e-6
ENSG00000162723,SLAMF9,5.85439792433861,1.65463583824717,4.14975703529451e-18,1.45300025953718e-16
ENSG00000169194,IL13,16.3714419537527,1.65319064091964,4.82435558216082e-12,6.17025385508204e-11
ENSG00000259230,LINC02323,10.3035492149897,1.64177615305221,2.83757341320902e-16,7.33778749822021e-15
ENSG00000228742,AC002384.1,1.47023883024983,1.63394130882397,7.84619799211522e-4,0.0023416910934631
ENSG00000167755,KLK6,1023.40138272134,1.62907423284414,2.50436523829989e-10,2.44382338996835e-9
ENSG00000104974,LILRA1,16.4695797127908,1.62168136172226,3.92481989976767e-14,7.13799663089615e-13
ENSG00000255267,AC018716.2,4.02224332638117,1.61979070970247,2.740026404107e-8,1.89579586070112e-7
ENSG00000103044,HAS3,976.440287014721,1.61481125788388,7.5810598639335e-19,2.95911652707782e-17
ENSG00000081052,COL4A4,101.444847975611,1.61026903155345,7.71838416481326e-26,9.92792160059529e-24
ENSG00000234210,AC006372.3,2.50331328506,1.60788564650266,2.72123990242927e-8,1.88404607005895e-7
ENSG00000235385,LINC02154,1.22590914797632,1.60565706513354,0.00478822868482737,0.0117924382044484
ENSG00000172602,RND1,34.7934878690714,1.59890617288255,1.34308641096813e-20,7.18580175695771e-19
ENSG00000154096,THY1,1792.04993262481,1.59530351427045,4.76824407217703e-29,1.00314965332029e-26
ENSG00000277089,AC243829.4,45.43167261317,1.58425605266294,4.94772247220853e-21,2.90371655727132e-19
ENSG00000182566,CLEC4G,96.518420692294,1.5840033642762,1.05892006913207e-20,5.79384479076021e-19
ENSG00000271984,AL008726.1,7.54319915785897,1.58328717887341,6.27881973357223e-10,5.75809752072149e-9
ENSG00000223784,LINP1,3.09826502370581,1.5815533144799,8.29624870525667e-6,3.70955284776651e-5
ENSG00000205755,CRLF2,10.5381973981446,1.58023786795838,9.60888140809847e-20,4.32138552456602e-18
ENSG00000163216,SPRR2D,5189.79511361961,1.5767100484826,9.79188105366602e-20,4.38778785482417e-18
ENSG00000005001,PRSS22,471.933865811123,1.5759959054863,1.19326728865455e-31,4.62857194388269e-29
ENSG00000140678,ITGAX,183.701293157959,1.57174051589084,4.95079517220598e-28,8.71655958510735e-26
ENSG00000255397,AC022182.3,1.9980555572795,1.57106898368827,3.72462665225967e-5,1.46837949249398e-4
ENSG00000256633,AP005019.1,1.78081593260639,1.56750087864057,2.75999476255985e-7,1.60913269094759e-6
ENSG00000276107,AC037198.2,2.37410880389983,1.56669361255002,1.14648712514815e-5,4.9827631095593e-5
ENSG00000163734,CXCL3,7.61210859953447,1.56585423163385,2.76251192920965e-9,2.27536027347809e-8
ENSG00000163600,ICOS,29.7417411762735,1.56563643313035,6.84151524820854e-19,2.68735151956926e-17
ENSG00000138829,FBN2,34.0922975170347,1.56547901364099,4.81027591799119e-29,1.00348823247169e-26
ENSG00000211706,TRBV6-1,2.73622794820901,1.56233398930159,2.58771583710374e-7,1.51581042133318e-6
ENSG00000172752,COL6A5,672.062139419925,1.55245505240669,1.01837066642666e-18,3.90139688179658e-17
ENSG00000188257,PLA2G2A,1166.42596396355,1.55165674931606,3.00793430741142e-14,5.59759888916706e-13
ENSG00000113749,HRH2,194.659206040835,1.54819606032898,2.41440033833298e-31,8.44189977452339e-29
ENSG00000070915,SLC12A3,3.67959116966432,1.54752437167583,2.22512245426228e-9,1.86743289138138e-8
ENSG00000260997,AC004847.1,16.0809802054135,1.54669323093824,3.65063623065691e-23,2.97137850577239e-21
ENSG00000131126,TEX101,43.7411783297959,1.54635365157615,3.72588158349395e-19,1.53137434288473e-17
ENSG00000198488,B3GNT6,2.33830848983707,1.53712515123486,2.06583746668917e-6,1.04025182780038e-5
ENSG00000196684,HSH2D,36.9505824877755,1.53693526365172,6.39970210456128e-23,4.98033243717034e-21
ENSG00000184613,NELL2,1255.74748586765,1.53395959750786,2.56664482505466e-24,2.45065222238392e-22
ENSG00000108702,CCL1,17.3192200741166,1.53232157601823,3.3133799888144e-8,2.26098565756782e-7
ENSG00000117009,KMO,13.1984750400092,1.53194519978384,1.91218686640811e-21,1.2217787211086e-19
ENSG00000225964,NRIR,1.8580769164418,1.53062281559263,7.46234422417255e-4,0.00223762163745722
ENSG00000211897,IGHG3,457.93037314397,1.52682899312041,1.02806185042226e-6,5.44752090431859e-6
ENSG00000137571,SLCO5A1,13.2288112712582,1.52658274462273,6.90945676986335e-14,1.21392260659489e-12
ENSG00000278607,AC015819.2,2.02536793803979,1.52180466664451,7.39944862730242e-9,5.65377999916229e-8
ENSG00000145287,PLAC8,15.95459169018,1.52074807494343,2.20089283270581e-17,6.82964557149022e-16
ENSG00000186810,CXCR3,23.0608878225845,1.52007628135602,1.50954747014246e-20,7.95637281237508e-19
ENSG00000158473,CD1D,11.3857837489718,1.51621927298861,1.45123580957713e-16,3.96772345514891e-15
ENSG00000049249,TNFRSF9,20.3887114964741,1.51559022650757,5.49253947545911e-13,8.26377530171348e-12
ENSG00000111335,OAS2,544.195524006283,1.51507367498861,5.66326327811785e-37,3.80095350430914e-34
ENSG00000236481,LINC02195,7.38088033724602,1.51252887762189,9.91661960065331e-13,1.42630406481007e-11
ENSG00000258689,LINC01269,5.45976575384658,1.512277558303,6.95388899551815e-12,8.67925059395365e-11
ENSG00000065675,PRKCQ,46.3341325719148,1.51155773832223,2.3868617041728e-22,1.6978178167934e-20
ENSG00000132744,ACY3,2.29745173253081,1.50817496228099,4.55039263798327e-6,2.14691592656295e-5
ENSG00000134460,IL2RA,81.6184859690374,1.50804716663228,9.80516971169101e-27,1.43184316525135e-24
ENSG00000135074,ADAM19,250.300255625304,1.50761902515479,3.47988608259071e-25,3.96276018350066e-23
ENSG00000223552,AC098613.1,3.83142164006629,1.50370627074925,6.19467069041915e-12,7.78646581719774e-11
ENSG00000188389,PDCD1,17.5878436665341,1.50106306272808,1.56966465427319e-15,3.57053036178412e-14
ENSG00000148798,INA,103.453387489896,1.50061793268616,1.2093564317094e-30,3.5740801687126e-28
ENSG00000041982,TNC,5773.48648372347,1.4992573454072,3.58174541373215e-23,2.92489572025989e-21
ENSG00000173762,CD7,41.3040797719217,1.49659667060182,5.65732042194915e-24,5.14443148259662e-22
ENSG00000283167,AC140479.7,4.10139225288408,1.49492829340153,3.86403485681122e-8,2.6059403781673e-7
ENSG00000138755,CXCL9,216.675753617867,1.48638537554383,6.36998300876401e-10,5.83738753017964e-9
ENSG00000188778,ADRB3,2.90282634461327,1.47846418505777,3.11838927645923e-6,1.51911330039444e-5
ENSG00000111012,CYP27B1,69.4492006296934,1.47652837193321,8.95435069956592e-19,3.46789011102533e-17
ENSG00000140557,ST8SIA2,4.06661484058051,1.47455898956302,5.25285811705587e-7,2.92829920634718e-6
ENSG00000090382,LYZ,2059.84821205479,1.47343080675369,1.21432919818906e-31,4.63780343769899e-29
ENSG00000225720,AL031846.1,2.62993319354606,1.47311138232234,1.40028434494415e-7,8.58746513419927e-7
ENSG00000166736,HTR3A,87.8818519134636,1.47269878577759,1.39942608154998e-17,4.51765311761747e-16
ENSG00000104972,LILRB1,40.5780470295916,1.47267272589139,5.2232296575058e-17,1.53557411523994e-15
ENSG00000204613,TRIM10,61.2594496716364,1.46777967863729,1.75666574251076e-17,5.55531554876812e-16
ENSG00000186431,FCAR,5.8165511926908,1.46374047802368,5.27700878007429e-8,3.47853805006225e-7
ENSG00000155307,SAMSN1,148.522395058771,1.46196595466122,1.49378663490167e-29,3.53173840108895e-27
ENSG00000274752,AC244196.1,2.48531747893811,1.45951801456992,3.16595110681049e-7,1.83076487832682e-6
ENSG00000223872,AC006372.1,1.48954587993485,1.45861842484801,9.22039487474444e-5,3.34497008279308e-4
ENSG00000186074,CD300LF,8.56605795981692,1.45678661122391,7.06516685660857e-11,7.53729124260025e-10
ENSG00000161911,TREML1,11.3198132299746,1.45556416427802,1.32611625118899e-14,2.58811603268606e-13
ENSG00000149948,HMGA2,12.1865454746536,1.453035190468,1.00379333896696e-8,7.48548201858058e-8
ENSG00000279191,AC068491.4,2.05397981036417,1.4525506283077,8.90985254856304e-7,4.76799072037244e-6
ENSG00000211724,TRBV6-6,2.57889995317021,1.44815649499645,5.22856206329891e-7,2.91748827200259e-6
ENSG00000160791,CCR5,126.614306808262,1.44456083617896,1.20631826761828e-25,1.48989308425989e-23
ENSG00000120217,CD274,94.0554559439615,1.43941105870674,1.45313129906563e-20,7.67531585091578e-19
ENSG00000169258,GPRIN1,295.381220680836,1.43624339071599,1.32658321028438e-45,2.35231629966498e-42
ENSG00000204610,TRIM15,63.4406054551404,1.43353869483979,3.5581104601036e-18,1.25826342125459e-16
ENSG00000154165,GPR15,5.17211021354324,1.43278847519827,8.64326088225873e-5,3.14940483490493e-4
ENSG00000178562,CD28,60.0197362243086,1.43220794945688,3.9359091763897e-24,3.6732686204464e-22
ENSG00000103241,FOXF1,7.89071885101901,1.43044704163064,1.14677458047186e-12,1.63050853151282e-11
ENSG00000204577,LILRB3,60.0768749123452,1.43041436598625,2.06209253752238e-29,4.78424740598066e-27
ENSG00000161031,PGLYRP2,11.1293806485209,1.42922732081819,4.52484458012195e-14,8.16940121465653e-13
ENSG00000110448,CD5,104.120902790668,1.42911150882614,2.82513640309067e-26,3.87480724899038e-24
ENSG00000167618,LAIR2,6.24733258814484,1.42724638651191,5.06910291216728e-9,4.00383327376878e-8
ENSG00000177822,AC098864.1,2.44437804819665,1.42528987819392,2.82729303205487e-6,1.38820311552141e-5
ENSG00000104371,DKK4,3.07827382433324,1.42431833061661,2.55760834970451e-6,1.26580197929455e-5
ENSG00000134339,SAA2,34.7787234207163,1.42358316049511,6.67188107286249e-7,3.64341063866721e-6
ENSG00000196754,S100A2,9368.85485269462,1.42282395769109,1.32336844682871e-23,1.14469065130741e-21
ENSG00000177464,GPR4,30.7604358505798,1.42106856985039,4.78301339131984e-23,3.81795200770145e-21
ENSG00000183813,CCR4,89.6621724173628,1.42048198612321,2.1914618711411e-19,9.25221784882277e-18
ENSG00000172215,CXCR6,45.2807402245637,1.4199776281464,3.23451979847937e-17,9.84031298985911e-16
ENSG00000106366,SERPINE1,370.604775952469,1.41961003082477,2.01289730466085e-20,1.03457920472475e-18
ENSG00000145700,ANKRD31,20.9513953967064,1.41924506161937,1.4938707701972e-16,4.06637520505982e-15
ENSG00000117090,SLAMF1,94.3973023986352,1.41436963543598,8.75002568640726e-20,3.949443412092e-18
ENSG00000211896,IGHG1,2763.08625782004,1.41183615996905,9.19346705227907e-7,4.91023708203158e-6
ENSG00000239961,LILRA4,10.0135366067927,1.41115733259287,5.0296585618435e-13,7.65081334545128e-12
ENSG00000103522,IL21R,48.0421026308412,1.41043995101296,1.24810370531193e-16,3.45805518798756e-15
ENSG00000189377,CXCL17,9.12080415741935,1.40950743617193,9.30695327688629e-12,1.13759288576417e-10
ENSG00000164047,CAMP,8.12219186296936,1.40770344950524,2.13088628153855e-7,1.26583517442437e-6
ENSG00000235884,LINC00941,2.49438617472283,1.40274853826362,2.26034412622134e-6,1.12994448114065e-5
ENSG00000137860,SLC28A2,3.89873684868655,1.40214906879998,4.66705212024306e-10,4.37866851417362e-9
ENSG00000172243,CLEC7A,321.738323333071,1.40188231830618,8.7940651981814e-31,2.72890835681067e-28
ENSG00000133101,CCNA1,8.09298292070576,1.39989779083773,1.73267922146451e-8,1.24066229226583e-7
ENSG00000273980,AL592071.1,1.10759397785457,1.39970751264855,0.00246907254705909,0.00653210238280185
ENSG00000205362,MT1A,10.3016872475096,1.39792214820368,2.12367593695181e-7,1.26245821683019e-6
ENSG00000227992,AC108463.1,2.19097706505252,1.39472397618689,2.70559275168404e-8,1.87510720437064e-7
ENSG00000211786,TRAV8-2,2.99307138921133,1.39093713511092,1.265438634508e-7,7.828186917932e-7
ENSG00000113302,IL12B,2.76908294705554,1.39020875958566,2.65186241519888e-5,1.07481607277244e-4
ENSG00000105639,JAK3,135.054076030431,1.38423891169126,2.9185943861694e-29,6.46911657470137e-27
ENSG00000245954,LINC02273,9.62734077163719,1.38402795636154,4.24869910888059e-16,1.07626485079552e-14
ENSG00000147614,ATP6V0D2,4.84439807302937,1.38168859393147,1.93968602681921e-8,1.37854868639528e-7
ENSG00000147434,CHRNA6,2.66697083163383,1.38001440942343,1.37932367373682e-5,5.91087695503479e-5
ENSG00000186827,TNFRSF4,39.3409013781436,1.37722047166965,1.02587896267404e-17,3.38213084307875e-16
ENSG00000230088,KRT16P5,4.04297703171652,1.37547298263762,4.32233270050714e-11,4.78599060169892e-10
ENSG00000211679,IGLC3,297.662012350299,1.37473491383587,9.7025486670635e-6,4.27597675590008e-5
ENSG00000203747,FCGR3A,168.781380039064,1.37408089182108,1.62450395071434e-25,1.97687796943546e-23
ENSG00000167850,CD300C,39.9273997409567,1.372665522018,3.42859175595067e-25,3.92234056873159e-23
ENSG00000203783,PRR9,612.855801326832,1.37221939879938,4.31553877639991e-6,2.04413757153459e-5
ENSG00000122862,SRGN,765.90844254272,1.36889278009024,2.03212616535069e-29,4.75920113724821e-27
ENSG00000171124,FUT3,138.804503466843,1.36846814281372,4.58296936528828e-24,4.21378572197339e-22
ENSG00000183019,MCEMP1,3.07295794263939,1.366504734404,5.38072380596735e-6,2.49535715455146e-5
ENSG00000163568,AIM2,19.0247810238657,1.36396789881419,1.3308510815945e-19,5.87871496451661e-18
ENSG00000158485,CD1B,141.862417323014,1.36314509713834,2.08996398150699e-10,2.06953952297212e-9
ENSG00000211785,TRAV12-1,2.45587130086266,1.36058709703003,9.87569449850803e-6,4.34611090100092e-5
ENSG00000165949,IFI27,5085.97320889694,1.35944875075731,2.52252651857789e-24,2.42719848153861e-22
ENSG00000148680,HTR7,36.9175836199935,1.35892377572525,1.55339276889465e-16,4.2053408383653e-15
ENSG00000004468,CD38,14.8163832527928,1.35778833995332,8.6883292283812e-15,1.74787498455886e-13
ENSG00000249852,AC145676.1,1.63514576266386,1.35714615341381,2.79542454443551e-4,9.1794198830174e-4
ENSG00000151651,ADAM8,326.363349353914,1.35669786447469,2.15394425999357e-29,4.90565745452664e-27
ENSG00000075673,ATP12A,904.116708686709,1.35581777417947,5.02343638346082e-10,4.69175350712622e-9
ENSG00000164687,FABP5,10270.2995066655,1.35494387829244,1.74386038416289e-24,1.73165336147375e-22
ENSG00000245164,LINC00861,8.5024027999742,1.35343792355213,1.47054390722584e-9,1.2724382187829e-8
ENSG00000131042,LILRB2,140.016813031044,1.34730895102592,8.42222514838561e-27,1.24453416255162e-24
ENSG00000182162,P2RY8,68.2474894889964,1.34676607728836,1.34025713445357e-22,1.00216516153042e-20
ENSG00000196932,TMEM26,2.47396382410899,1.34457217300484,6.87069190956916e-7,3.74703265938169e-6
ENSG00000211714,TRBV7-3,3.49640558599271,1.34440292247607,5.77717902515111e-8,3.78013888506527e-7
ENSG00000253768,AC008663.1,4.56622215783833,1.3436732327332,4.13629101993688e-8,2.77522769107927e-7
ENSG00000110944,IL23A,6.97288012355747,1.34338056706071,1.77488668659974e-12,2.47259045986748e-11
ENSG00000152969,JAKMIP1,9.00451341271911,1.3424452246703,3.98364553468566e-13,6.14248449680569e-12
ENSG00000168685,IL7R,419.562025756245,1.33997189174967,1.88505837050772e-23,1.59172020570932e-21
ENSG00000211788,TRAV13-1,4.81192947187152,1.33960755658984,1.06524350496581e-10,1.10416158708878e-9
ENSG00000136634,IL10,2.9261322546113,1.3390967991217,3.03062710047768e-8,2.08048043106705e-7
ENSG00000122122,SASH3,204.205961245969,1.32944495153255,6.94473055074354e-28,1.19724261057089e-25
ENSG00000123685,BATF3,55.734282687816,1.32638458328195,2.38282137507836e-22,1.6978178167934e-20
ENSG00000101670,LIPG,179.121865022682,1.32536314854148,3.34393117668554e-10,3.20390163879654e-9
ENSG00000253755,IGHGP,74.5271988176474,1.32500099273764,2.7560611960624e-5,1.11395667848012e-4
ENSG00000160683,CXCR5,2.94594949298002,1.3245199937526,3.01633020158881e-4,9.83844399611643e-4
ENSG00000276070,CCL4L2,5.4764247380979,1.3239944699874,8.68389679437367e-8,5.53054607974815e-7
ENSG00000181847,TIGIT,69.5035970826056,1.32206820070744,4.1717156746704e-20,1.99543047444494e-18
ENSG00000205639,MFSD2B,15.2210558948482,1.32019616381752,1.31218684142694e-16,3.62347478736638e-15
ENSG00000115523,GNLY,77.5013020075204,1.32007796984831,8.42700242264261e-18,2.82703155597436e-16
ENSG00000130489,SCO2,13.2930151966001,1.32001185553577,2.73925930764283e-14,5.12064098736696e-13
ENSG00000271369,AC087783.2,2.83789242715147,1.31854748471423,7.67144437042425e-5,2.8268310300695e-4
ENSG00000168243,GNG4,13.0012293437243,1.3184171201825,1.92356700867436e-12,2.66179213992983e-11
ENSG00000133106,EPSTI1,227.681541133269,1.31817711072829,9.59599879327015e-28,1.63164842495159e-25
ENSG00000244586,WNT5A-AS1,1.42687944817363,1.31564034312674,3.26571440252343e-4,0.00106058817428891
ENSG00000183696,UPP1,361.324839218279,1.31182056687137,5.63034222628282e-21,3.25054059924351e-19
ENSG00000123496,IL13RA2,34.7327436689812,1.3105834200182,9.4826857510332e-12,1.15736319453982e-10
ENSG00000241657,TRBV11-2,2.5108751922824,1.30491778007398,1.08781041355796e-6,5.74572202480346e-6
ENSG00000279164,AL118508.3,1.37306103368084,1.30384973393525,2.1578445527036e-4,7.23898527309013e-4
ENSG00000211716,TRBV9,3.30282590943058,1.30035632585376,5.46767418527007e-7,3.03657744181945e-6
ENSG00000211734,TRBV5-1,7.48650814457603,1.30015800192562,8.18411157593109e-13,1.19512099924994e-11
ENSG00000255833,TIFAB,51.4248881600478,1.29648271422869,7.01383881228871e-15,1.42837201406946e-13
ENSG00000131203,IDO1,33.6966050361829,1.29455535344681,2.17781921832626e-12,2.96969105981159e-11
ENSG00000130477,UNC13A,9.5151364903968,1.29442571170005,1.08354385184551e-11,1.31278555988603e-10
ENSG00000167941,SOST,7.06452453982554,1.29151465758787,4.9250208019967e-6,2.30035073207089e-5
ENSG00000077984,CST7,143.961066957372,1.28823215221507,4.30254636467666e-21,2.56140799767621e-19
ENSG00000115919,KYNU,147.424391860111,1.28818491557533,3.13525540722829e-24,2.94820891986524e-22
ENSG00000100298,APOBEC3H,4.31589875589709,1.2853533993017,1.38662388036053e-8,1.01154680663974e-7
ENSG00000116983,HPCAL4,3.82199736050558,1.28246279080512,5.03941349119097e-7,2.82066845653235e-6
ENSG00000160883,HK3,73.7851958900049,1.28245051108948,1.44770314458975e-20,7.66294894764191e-19
ENSG00000134061,CD180,64.0000816999404,1.28187038920216,1.27540635237606e-21,8.39839859356383e-20
ENSG00000163823,CCR1,211.231303369733,1.28062143242453,2.25860485710203e-22,1.6205163461722e-20
ENSG00000069011,PITX1,94.5748271770258,1.27982283655958,9.13042343079129e-18,3.03025082445714e-16
ENSG00000171208,NETO2,130.203597014345,1.27977100097795,3.59351466969643e-29,7.69043117889774e-27
ENSG00000226145,KRT16P6,168.387089534071,1.27976018593814,3.29934388540107e-20,1.60600415598199e-18
ENSG00000088882,CPXM1,390.900568525236,1.27717362661178,7.75956753288464e-13,1.13579754719258e-11
ENSG00000115602,IL1RL1,69.0177509600713,1.27389138017667,1.61195114202055e-14,3.10447533752213e-13
ENSG00000214212,C19orf38,22.4790172955231,1.27228064758772,7.85034679128616e-20,3.58903976231453e-18
ENSG00000275302,CCL4,14.4019038636953,1.26928635473598,1.08211612812642e-12,1.54743852999645e-11
ENSG00000237943,PRKCQ-AS1,24.4663514152426,1.2691813262093,5.11162359760455e-16,1.27533724432696e-14
ENSG00000137558,PI15,131.046198625925,1.26626740014029,5.11678681072499e-9,4.03507727370546e-8
ENSG00000263325,AC003965.2,2.39776061842284,1.26225631860041,1.79358169397892e-5,7.5314048635025e-5
ENSG00000100433,KCNK10,31.4226780392563,1.26210793323367,3.72498565771873e-20,1.79558774665762e-18
ENSG00000103187,COTL1,1107.13049245931,1.26027695845917,7.49122416828799e-30,1.84128356413613e-27
ENSG00000211893,IGHG2,1611.33895830709,1.25725225040857,1.68286836258595e-5,7.09893068839357e-5
ENSG00000179674,ARL14,12.7969499430291,1.25647903009954,1.18442488907209e-12,1.67827328032048e-11
ENSG00000237265,BX276092.7,20.2419891695742,1.2556475618034,2.44634474547775e-12,3.31860701128334e-11
ENSG00000129450,SIGLEC9,34.5060952165068,1.25514914167589,2.61849117458688e-21,1.60901097547325e-19
ENSG00000140379,BCL2A1,48.9518565555955,1.25500983625988,3.0618951464755e-17,9.34951377752204e-16
ENSG00000254415,SIGLEC14,12.0829677187337,1.25275441934778,3.02784525625527e-15,6.57047714043155e-14
ENSG00000137869,CYP19A1,60.7690000062887,1.25239726121478,1.44942232386419e-9,1.25503694419004e-8
ENSG00000160185,UBASH3A,24.4210948462686,1.25146279900749,7.28165370665784e-16,1.77222601242923e-14
ENSG00000266970,AC061992.1,2.14386644645861,1.24922996860459,7.69482654486311e-6,3.46309044554436e-5
ENSG00000227507,LTB,160.251342345772,1.24873026538999,8.76905748881567e-16,2.09924640462728e-14
ENSG00000139629,GALNT6,1049.58826605679,1.24651237372345,1.4032025649156e-41,1.45143765308457e-38
ENSG00000178919,FOXE1,55.5639017281734,1.24620246245203,1.98996782560312e-10,1.97682878233683e-9
ENSG00000113070,HBEGF,325.842408084711,1.24462388550316,7.66462939718107e-17,2.18957911145017e-15
ENSG00000160856,FCRL3,7.6152845876693,1.24331200458621,6.92711189468489e-7,3.77365707231847e-6
ENSG00000113763,UNC5A,9.80566821149069,1.24139692623232,1.77216380938015e-12,2.47018341200799e-11
ENSG00000111536,IL26,9.76486464760937,1.23943200234858,2.0780122149022e-9,1.75405145307539e-8
ENSG00000276557,AC244472.3,3.60051627941923,1.23818521998397,7.92737950757005e-7,4.27634064049167e-6
ENSG00000161849,KRT84,13.6605957043569,1.23810514494815,8.43172672859674e-5,3.07820023584432e-4
ENSG00000147689,FAM83A,541.561302848662,1.23526018489366,1.9919582952048101e-16,5.32296713438745e-15
ENSG00000169248,CXCL11,24.9116870902382,1.23279057631962,5.05123398338294e-8,3.34035385288976e-7
ENSG00000174175,SELP,254.822751554807,1.23066487305992,5.6208872024996e-25,6.09338536253504e-23
ENSG00000125910,S1PR4,46.4044063189717,1.2285674393917,2.04979540421994e-20,1.04919940020124e-18
ENSG00000131401,NAPSB,236.156804863864,1.22686527524867,3.50097226387663e-19,1.44611707904721e-17
ENSG00000176177,ENTHD1,3.9588821323079,1.22580767017355,4.04181820704739e-7,2.29442102425512e-6
ENSG00000172578,KLHL6,72.6955526643506,1.22386476763752,1.71056620113641e-24,1.70541389330167e-22
ENSG00000100079,LGALS2,97.1109067826123,1.22376461822796,3.61682590232082e-13,5.62932307367489e-12
ENSG00000225783,MIAT,140.230964072749,1.22319321404445,5.77347253779486e-18,1.97419360538233e-16
ENSG00000096996,IL12RB1,40.3031700301343,1.22196507079285,3.67176641707816e-24,3.43968306807417e-22
ENSG00000148346,LCN2,610.886029667387,1.22165177749275,9.48607204080875e-11,9.90709879735285e-10
ENSG00000275791,TRBV10-3,3.47553734392902,1.22104247295854,7.21264370490927e-7,3.92060170734339e-6
ENSG00000159496,RGL4,7.6340024555568,1.2151997839971,5.07182512242148e-11,5.54905503147259e-10
ENSG00000136688,IL36G,898.555736905872,1.21313402496105,1.0102750573936e-25,1.26667062120182e-23
ENSG00000211695,TRGV9,1.26301315389114,1.20925116963338,0.00128001959582167,0.00362745279295353
ENSG00000127954,STEAP4,1829.73388297039,1.20816817785193,4.77310775973686e-19,1.93299184560306e-17
ENSG00000151025,GPR158,18.5321122909334,1.20798673026364,4.18746261499932e-9,3.36093628895435e-8
ENSG00000177494,ZBED2,160.228606293577,1.20773660317499,5.32888414454265e-19,2.13714941661181e-17
ENSG00000091106,NLRC4,20.3448480131831,1.20766249589936,7.27860970066411e-15,1.47764622402195e-13
ENSG00000204291,COL15A1,1764.4938791377,1.20745049211985,1.50909883283356e-24,1.5229015660607e-22
ENSG00000121380,BCL2L14,5.22208579550276,1.20585572395663,1.28712065225134e-7,7.94449781007943e-7
ENSG00000120337,TNFSF18,3.6971941576545,1.20515520048811,1.54515058689542e-6,7.94827254862802e-6
ENSG00000102962,CCL22,572.041540894625,1.20347380707802,2.58738586659004e-11,2.97645292576913e-10
ENSG00000144648,ACKR2,112.076154750937,1.2022445826689,2.02493660228029e-15,4.52874334699173e-14
ENSG00000148848,ADAM12,69.3397168966071,1.20204052825486,4.37194203526642e-14,7.89908741087983e-13
ENSG00000127423,AUNIP,29.7532774943547,1.20126291278293,2.34630826771098e-21,1.46718142936839e-19
ENSG00000169508,GPR183,216.421093551327,1.20117231056552,4.56346021030037e-30,1.19250420758639e-27
ENSG00000261222,AC064805.1,3.10600177566852,1.19861426966382,1.21149079749211e-7,7.51693552805341e-7
ENSG00000064886,CHI3L2,1862.61846173411,1.19790477537295,3.16570413015064e-9,2.58430138214369e-8
ENSG00000240403,KIR3DL2,1.49847495422796,1.19769235656336,9.98486945214994e-4,0.00290932375762468
ENSG00000103313,MEFV,19.8595624133083,1.19583754520211,1.45837574838499e-12,2.04890650558333e-11
ENSG00000115009,CCL20,40.2341235440814,1.19271978318593,1.73782655869652e-9,1.4820180116675e-8
ENSG00000266709,AC005224.4,23.1975904221571,1.19243914606777,8.76771101989652e-23,6.71785265644849e-21
ENSG00000083454,P2RX5,3.54946035892925,1.19177427216521,6.54257094365903e-6,2.9829076891889e-5
ENSG00000221972,C3orf36,6.50225559928843,1.19026428147867,2.07535913839509e-9,1.75240784389993e-8
ENSG00000055957,ITIH1,3.31527803577014,1.18909506500549,1.61988886484645e-6,8.31034120062266e-6
ENSG00000167772,ANGPTL4,822.459281154154,1.18756121299159,3.40050083532131e-18,1.20596333195502e-16
ENSG00000011422,PLAUR,230.361016110486,1.18491677527486,9.37772809848097e-25,9.74067364204142e-23
ENSG00000234964,FABP5P7,384.216027031381,1.18483055684753,3.79825700888759e-21,2.28309274202505e-19
ENSG00000152128,TMEM163,5.83471465276852,1.18438949133562,4.5230894265123e-7,2.55078816476983e-6
ENSG00000198574,SH2D1B,3.57647605826322,1.18237855416388,8.54956446379202e-7,4.59300882522478e-6
ENSG00000107742,SPOCK2,297.147229298274,1.18231047690674,3.81688521732799e-25,4.26820610451204e-23
ENSG00000152315,KCNK13,20.7606993196479,1.1820449168354,1.8714533372671e-13,3.05048122768588e-12
ENSG00000237702,TRBV3-1,2.78363929769753,1.18167821172655,4.85614222863726e-7,2.72499391559494e-6
ENSG00000134326,CMPK2,110.147908351144,1.1808918435986,9.33726128948966e-24,8.33803998243097e-22
ENSG00000062038,CDH3,2690.12159570565,1.17904424915732,1.45532164350226e-22,1.08168741915999e-20
ENSG00000019186,CYP24A1,20.1042483694296,1.17779448543709,1.26033697218069e-11,1.51441748956367e-10
ENSG00000250548,AL355916.1,2.14887004085705,1.17592122855717,5.69350987161114e-5,2.15033291590973e-4
ENSG00000123342,MMP19,321.542876694881,1.17535428232184,1.66029384643417e-41,1.64867178950913e-38
ENSG00000187608,ISG15,209.577793668218,1.17390902318244,2.04840558769502e-18,7.55596860542775e-17
ENSG00000119630,PGF,305.553166137262,1.17337157024478,9.17874225552882e-26,1.16256263517093e-23
ENSG00000115607,IL18RAP,29.8024351689651,1.1721038252886,7.87439109664426e-18,2.6523983578588e-16
ENSG00000211689,TRGC1,5.4391233937367804,1.17129417301664,6.2634372303587e-9,4.84693981432839e-8
ENSG00000226791,AC109826.1,3.42404842325066,1.16935383452856,1.96470397074197e-8,1.39473194377093e-7
ENSG00000126709,IFI6,770.704202086643,1.16872697564325,1.6076315554573e-19,6.94077449812652e-18
ENSG00000134321,RSAD2,121.536149426062,1.16824051745011,1.00531692969419e-18,3.85734046053452e-17
ENSG00000166523,CLEC4E,14.6699327239735,1.1662602378291,5.06093295121009e-9,3.9986524670207e-8
ENSG00000132639,SNAP25,14.1756601735126,1.16538684220891,6.36042030070436e-13,9.49149752482015e-12
ENSG00000177669,MBOAT4,1.29783423112148,1.16501094147707,6.2586565657911e-4,0.00190709646797305
ENSG00000140534,TICRR,65.8967189196387,1.16496645154687,2.74704841819789e-15,6.01901826846979e-14
ENSG00000134755,DSC2,2930.47624795495,1.16475783832886,1.25205084546179e-17,4.07367788185963e-16
ENSG00000026751,SLAMF7,222.950270992071,1.16398613901565,2.03557103341797e-28,3.79947751162414e-26
ENSG00000105246,EBI3,18.5538541005233,1.1637766105785,9.42621427092342e-11,9.84872766311759e-10
ENSG00000279588,AC087762.2,3.98962175445891,1.16327621382173,1.48141536189618e-4,5.13489756479651e-4
ENSG00000139193,CD27,54.3763493466404,1.16216032070939,1.40940398528048e-13,2.34507063904745e-12
ENSG00000157601,MX1,1057.96332594539,1.16214925138556,1.11544422795105e-23,9.78477136356353e-22
ENSG00000175874,CREG2,6.13944731936791,1.16015860923948,1.1484644969986101e-10,1.18547322819088e-9
ENSG00000005844,ITGAL,157.005233529546,1.15946551552254,5.68246871167196e-21,3.2654464297976e-19
ENSG00000121904,CSMD2,20.6667347479124,1.15761794194465,9.34077660696495e-16,2.22966133911447e-14
ENSG00000269741,AC011473.4,255.012556754555,1.15720330702711,1.83817788913532e-17,5.78362054471286e-16
ENSG00000171695,LKAAEAR1,1.30684338231597,1.15268610283444,0.00475472443369908,0.0117227166616923
ENSG00000272457,AC113194.1,2.75812278041807,1.14988102434529,6.06422814945461e-7,3.33949564796386e-6
ENSG00000233355,CHRM3-AS2,4.17535673616047,1.1496956053988,9.81750921174371e-6,4.32433758306489e-5
ENSG00000198959,TGM2,112.724807346467,1.14709969923272,1.0968676145457e-11,1.32698530853299e-10
ENSG00000140030,GPR65,51.97528483063,1.14611701684189,2.41364001125684e-21,1.49796533198628e-19
ENSG00000116771,AGMAT,7.59119232667162,1.1442137854203,7.01515270267069e-10,6.38618136574257e-9
ENSG00000125245,GPR18,5.02878388995538,1.14325393673553,5.21142673085439e-7,2.90858067880981e-6
ENSG00000178172,SPINK6,19.6694318371696,1.14286989003657,4.98210783383841e-4,0.00155124579173509
ENSG00000232869,TRBV29-1,5.85939297887211,1.14285851857412,1.20228548790629e-6,6.30742545166394e-6
ENSG00000157551,KCNJ15,226.261678044216,1.14270734207764,2.10097105416963e-20,1.07097754455362e-18
ENSG00000128815,WDFY4,372.76333524466,1.14267742545611,5.08493070125186e-21,2.96322546146895e-19
ENSG00000232811,AL360270.1,2.45761955954677,1.14251006249797,2.02131306537861e-5,8.39255675665229e-5
ENSG00000136286,MYO1G,284.02963627425,1.14093162595062,1.10155703100918e-23,9.69721748042659e-22
ENSG00000165091,TMC1,5.92938035366969,1.14088416031427,2.12903029739563e-7,1.26515295127993e-6
ENSG00000240505,TNFRSF13B,2.7206181050471,1.14068576931069,0.0015005372250414,0.0041803205713896
ENSG00000159337,PLA2G4D,1291.0885689414,1.14032140467147,2.29568182154458e-17,7.09717325278258e-16
ENSG00000224260,AL023754.1,1.49715708360927,1.14025273501495,6.91175320055519e-4,0.00208714600661456
ENSG00000078589,P2RY10,23.0589662300808,1.14000332878986,2.29862011238338e-14,4.33282037129213e-13
ENSG00000089012,SIRPG,24.1461937346745,1.13536402710706,4.1532250696545e-11,4.61934643163857e-10
ENSG00000250889,LINC01336,6.12786184968917,1.13349056454879,9.74885892804324e-10,8.66196932314507e-9
ENSG00000211801,TRAV21,3.24554044154668,1.13061768039762,4.88241461272188e-6,2.28431855938222e-5
ENSG00000101307,SIRPB1,14.0231948812968,1.12905834517369,6.27676726720057e-10,5.75809752072149e-9
ENSG00000171631,P2RY6,41.5175120881053,1.12786885115692,3.53444718248119e-20,1.71038306637613e-18
ENSG00000182866,LCK,151.313977567344,1.12682449193107,2.6480662331247e-19,1.10670444843974e-17
ENSG00000198286,CARD11,71.1706879896007,1.12578361688347,1.83331255134883e-18,6.79283344585594e-17
ENSG00000248323,LUCAT1,7.14112054959502,1.12498423540671,3.26470478623326e-6,1.58509072159523e-5
ENSG00000101082,SLA2,40.5607003024803,1.12480944456031,1.83387627344318e-19,7.80891569266329e-18
ENSG00000183918,SH2D1A,36.6115004144148,1.12440276538527,1.04377197776125e-15,2.45840980530578e-14
ENSG00000161905,ALOX15,276.771773506368,1.1243533832404,1.02784548456897e-9,9.11295148372309e-9
ENSG00000181773,GPR3,3.88576724761333,1.12427062669319,4.77283402180023e-6,2.23853399945571e-5
ENSG00000180767,CHST13,9.5405736837656,1.12169588202096,4.68432881528263e-10,4.39321733431777e-9
ENSG00000013725,CD6,119.813822081673,1.12018092123058,4.02247945782792e-18,1.41442000765691e-16
ENSG00000197405,C5AR1,122.832873627035,1.1201328040558,7.86856808371475e-18,2.6523983578588e-16
ENSG00000149516,MS4A3,3.07697845110493,1.11970983551218,1.10837765706637e-4,3.94770090913525e-4
ENSG00000166428,PLD4,36.3926120499918,1.11903142753578,1.6474778974479e-14,3.16308111400959e-13
ENSG00000124391,IL17C,1.61968977232906,1.11826157320473,0.00894431546109235,0.0205177075699148
ENSG00000074317,SNCB,6.40400742522818,1.11761185671498,3.19938405761682e-6,1.55704193746986e-5
ENSG00000167286,CD3D,115.242065731793,1.11618152608549,1.21753367686226e-15,2.8278011478217e-14
ENSG00000264876,AP005209.1,2.97588770453141,1.11465658190526,5.00577891721665e-5,1.91447329563863e-4
ENSG00000187498,COL4A1,1800.5794357162,1.11439686431381,1.72392716718859e-18,6.41626565599051e-17
ENSG00000151388,ADAMTS12,116.203811868237,1.11439046031337,5.34004547049393e-15,1.11306993119238e-13
ENSG00000111537,IFNG,1.97629244639925,1.11417265244387,0.00450194289530896,0.0111738384699105
ENSG00000121807,CCR2,174.85600080831,1.11323433560684,1.19632074624799e-15,2.78599085606063e-14
ENSG00000280604,AJ239328.1,2.03195331468982,1.11314754622077,1.42226773068316e-4,4.94784142575805e-4
ENSG00000179331,RAB39A,4.8803024361566,1.11298052265312,1.5190680016135e-7,9.27012368241275e-7
ENSG00000228672,PROB1,81.4834099699207,1.11208627287618,6.51623231753274e-29,1.3259464531373e-26
ENSG00000154451,GBP5,115.09484543191,1.11063621098926,3.43309126119647e-16,8.7501530348257e-15
ENSG00000254027,AC009902.2,14.0198982095248,1.11037747025603,1.00277081810546e-12,1.43811586132109e-11
ENSG00000248464,FGF10-AS1,1.04692902905582,1.11030303698132,0.00328774503149489,0.00843425342635741
ENSG00000160326,SLC2A6,50.9299290102047,1.10934881914486,1.9719441287095e-24,1.91974560765542e-22
ENSG00000159261,CLDN14,5.15660005894576,1.10893504141972,7.01040543610229e-5,2.60567921771581e-4
ENSG00000049768,FOXP3,79.7258049935521,1.10867704217991,3.17425135978675e-27,5.15037843181086e-25
ENSG00000283063,AC245088.3,3.05670235059438,1.10751356569291,5.51522330362998e-5,2.08776179494685e-4
ENSG00000115956,PLEK,448.364376391804,1.10679094370467,1.16658318320323e-24,1.19178714086503e-22
ENSG00000119714,GPR68,402.84414293861,1.1061664991298,1.16396802303711e-22,8.80960554021225e-21
ENSG00000171643,S100Z,1.38595582628593,1.10556809285069,8.03325664250671e-4,0.00239148094675895
ENSG00000113356,POLR3G,183.581422929143,1.10517124158678,4.42348467289296e-27,7.03929532080562e-25
ENSG00000136250,AOAH,74.2061334207956,1.10517109960649,4.54309615959293e-21,2.68529433718796e-19
ENSG00000197472,ZNF695,1.02375585617484,1.10398683482101,0.00724656933200154,0.0170372273574144
ENSG00000119535,CSF3R,130.103689364138,1.10343639470837,3.71252889389231e-11,4.16088170613438e-10
ENSG00000167984,NLRC3,62.3583780351023,1.1022552190958,4.9734354429486e-19,2.00106215350403e-17
ENSG00000162711,NLRP3,57.9160694311108,1.10201501695717,2.03060157524382e-22,1.46539779376244e-20
ENSG00000162894,FCMR,55.0413322457461,1.10186819570159,9.7982388853728e-24,8.65627332133024e-22
ENSG00000182327,GLTPD2,5.23111798566116,1.10155970981782,3.63540595212062e-7,2.08234777945072e-6
ENSG00000203710,CR1,37.8651993626262,1.10135614711287,2.84466455687961e-10,2.75209655590554e-9
ENSG00000050438,SLC4A8,28.608779362817,1.10007687408977,6.39929553282687e-20,2.95838210428644e-18
ENSG00000211752,TRBV27,4.632878160049,1.0990974778849,3.21270641983989e-6,1.56230042845299e-5
ENSG00000198759,EGFL6,53.3177868810614,1.09901714992828,5.61880835276775e-15,1.16530423857527e-13
ENSG00000211745,TRBV4-2,2.64110498926125,1.09869285084979,1.91977693228369e-5,8.01791089231876e-5
ENSG00000163959,SLC51A,11.7308990560133,1.0985420159735,4.45622833636093e-9,3.5582460099762e-8
ENSG00000124334,IL9R,19.5020923035558,1.09775230182538,3.19930911271992e-13,5.0299460876043e-12
ENSG00000272620,AFAP1-AS1,1.27531277732735,1.09695067193138,0.00786356310882594,0.0183092247398803
ENSG00000171848,RRM2,292.201728789714,1.09606251987644,5.14759597736485e-16,1.28302279255103e-14
ENSG00000232679,LINC01705,3.22557490223998,1.09562334233899,3.43730322704423e-4,0.00110949229763845
ENSG00000122223,CD244,19.772575207923,1.09518526969287,1.12660180208525e-18,4.29614281670756e-17
ENSG00000100342,APOL1,480.611072624113,1.09207355248235,5.6037650013866e-27,8.64058796021257e-25
ENSG00000232759,AC002480.2,2.98852371809419,1.09188939817192,2.06242901975645e-6,1.03880839116129e-5
ENSG00000143851,PTPN7,144.569223788806,1.08924561002939,2.05456044600005e-16,5.46086328393482e-15
ENSG00000272711,AC019069.1,28.2573338779395,1.08838501532031,5.48646828475265e-18,1.87864241612393e-16
ENSG00000132514,CLEC10A,662.762335423928,1.08601809190397,2.74064942567712e-18,9.93235357553787e-17
ENSG00000230549,USP17L1,3.13092806814315,1.08412168428001,5.88966791114579e-5,2.2200274201973e-4
ENSG00000211592,IGKC,4293.88700133788,1.08354808915778,1.51606623784487e-5,6.45120746563233e-5
ENSG00000124256,ZBP1,20.606695191277,1.08238969677446,7.54330248253539e-10,6.82941225853176e-9
ENSG00000180549,FUT7,40.3487543437449,1.08020212831629,9.76329864872061e-15,1.94365588576174e-13
ENSG00000183570,PCBP3,29.8351831547077,1.07711462919585,1.90002341192088e-21,1.21881346772444e-19
ENSG00000211793,TRAV9-2,4.43640209646663,1.07706515006894,5.29797138544442e-7,2.95091181610181e-6
ENSG00000214754,AC004870.1,1.85994165230447,1.07639162934733,5.96133617387979e-4,0.00182591203598477
ENSG00000211747,TRBV20-1,14.0790358515721,1.07368942041989,6.75851030853899e-11,7.21945001761964e-10
ENSG00000177272,KCNA3,10.884336018611,1.07152404043142,1.42249463651369e-8,1.03467416793005e-7
ENSG00000140968,IRF8,447.776532732256,1.07126644831007,3.23728793301851e-21,1.96493087865977e-19
ENSG00000148204,CRB2,27.9755950775667,1.07027914948007,1.23116739648369e-8,9.06935626638207e-8
ENSG00000164430,MB21D1,58.367748177988,1.07023462675474,6.02624269800219e-29,1.24171802835448e-26
ENSG00000128340,RAC2,409.774408647244,1.06878603879534,9.53016053411366e-23,7.25724648034883e-21
ENSG00000254842,LINC02551,4.05946627886348,1.06793640932249,8.9672202183232e-8,5.69483862675552e-7
ENSG00000211753,TRBV28,6.4903662530652,1.06739431790371,1.56431380488628e-6,8.04184928687136e-6
ENSG00000211806,TRAV25,1.32364337178443,1.06719136561215,9.59118343451811e-4,0.00280349851362195
ENSG00000198851,CD3E,187.83815696231,1.06702698394075,6.98347421457769e-17,2.00653642797328e-15
ENSG00000128165,ADM2,31.2576942652514,1.0656411957196401,6.66718922932552e-17,1.9223062655449e-15
ENSG00000116824,CD2,175.466737782691,1.06525977823394,3.70260732886144e-17,1.11387616708318e-15
ENSG00000143226,FCGR2A,325.062391660304,1.06524415138989,7.86045925712929e-21,4.43490684223261e-19
ENSG00000156738,MS4A1,28.3497047864647,1.06486379255101,2.51955426663969e-6,1.2479635807927e-5
ENSG00000160593,JAML,479.831855482476,1.06414938010916,7.46698911409985e-18,2.52201367017046e-16
ENSG00000149968,MMP3,1229.35451677441,1.06324243109008,5.70321474326788e-5,2.15367061152457e-4
ENSG00000276953,AC244196.5,3.76188745250371,1.0629969662123,2.18952149902274e-6,1.09774829174573e-5
ENSG00000163421,PROK2,6.78887687830712,1.06287936482305,4.00081170209721e-4,0.00127203061609328
ENSG00000186831,KRT17P2,3.18737431876454,1.06245612542589,2.20528824713118e-4,7.3821845651337e-4
ENSG00000109471,IL2,1.43040944432369,1.06234322973694,0.00166295726460572,0.00458388884528594
ENSG00000150637,CD226,68.1471864096462,1.06172178383692,8.81465884633633e-15,1.77185348874736e-13
ENSG00000171401,KRT13,15.0462002196485,1.05973387204963,1.07896109077033e-5,4.71072970073397e-5
ENSG00000198821,CD247,75.1044767417263,1.05934834888374,5.69610911440212e-16,1.40422948128136e-14
ENSG00000140749,IGSF6,145.527349209936,1.05775799217582,3.71919810377956e-25,4.19677695119671e-23
ENSG00000077238,IL4R,1763.14965525002,1.05627989990783,5.9974312554289e-36,3.30858290924494e-33
ENSG00000260228,AC009119.1,1.71603952761754,1.05587977587428,1.36769827794599e-4,4.77876280788306e-4
ENSG00000268388,FENDRR,2.10621468490207,1.05583896289555,9.10744874026355e-4,0.00267818544156648
ENSG00000058335,RASGRF1,7.04561939394933,1.05485898501927,7.61614768930809e-9,5.80862876765202e-8
ENSG00000171951,SCG2,19.9569315125861,1.05377557801557,2.98724457817555e-9,2.44424346253157e-8
ENSG00000167208,SNX20,195.155010454809,1.05327861956635,5.51378973837281e-19,2.20418406207898e-17
ENSG00000103888,CEMIP,502.39481422195,1.05277102841048,2.0172475452641e-15,4.51561499649967e-14
ENSG00000157193,LRP8,210.211489261894,1.04930496546157,6.21663768209138e-18,2.1169825851566301e-16
ENSG00000109861,CTSC,4078.49023109623,1.04791181436072,8.51722618340538e-25,8.92152489464298e-23
ENSG00000138944,KIAA1644,142.586812188171,1.04574537010776,2.87045851278591e-23,2.36741304252193e-21
ENSG00000170542,SERPINB9,162.647049975758,1.04560054018073,1.068172628344e-16,2.99970424192759e-15
ENSG00000281406,BLACAT1,7.94923215700992,1.04478356451047,1.49109236219563e-9,1.28707816034445e-8
ENSG00000161405,IKZF3,112.634512456002,1.04383856409459,6.60180296783043e-18,2.24199396274132e-16
ENSG00000114948,ADAM23,102.183812363299,1.04354403404217,2.24122569761688e-21,1.4085677960339e-19
ENSG00000090659,CD209,406.751023228833,1.04308673107434,1.8781048496774e-18,6.94842815100468e-17
ENSG00000243649,CFB,16.4884428819495,1.04283526128797,4.45270942271881e-15,9.43161360230328e-14
ENSG00000273604,EPOP,235.219154733881,1.0421628306702,2.92406909574315e-20,1.44314145729272e-18
ENSG00000118785,SPP1,50.8947554170532,1.04205295750097,2.1517274854672e-6,1.08043355232045e-5
ENSG00000008516,MMP25,120.066201866925,1.04204767504459,9.94973954211949e-13,1.42981191488014e-11
ENSG00000282939,AC245088.2,9.87067549037869,1.0416460085782,1.21167394962351e-8,8.93298696577983e-8
ENSG00000211750,TRBV24-1,2.02756351860758,1.04045899027183,9.8064892895359e-5,3.53435099611975e-4
ENSG00000147168,IL2RG,392.394091260964,1.0401353683285,2.59582399334468e-19,1.09037784492017e-17
ENSG00000224568,LINC01886,4.90436207694307,1.03937705201615,2.28676378273612e-6,1.14200182873515e-5
ENSG00000111796,KLRB1,45.8215211524337,1.03916304532429,4.19226938074721e-12,5.43462597269188e-11
ENSG00000267462,AC090377.1,1.13230443263336,1.03897889997937,0.00131215194838,0.00370750877743381
ENSG00000164045,CDC25A,77.1232258393295,1.03866973406836,1.22588738501568e-19,5.42471556738223e-18
ENSG00000145649,GZMA,58.8627612009391,1.03863127879072,5.27542460626705e-12,6.71946720628936e-11
ENSG00000263873,AP003396.5,1.77347503970448,1.03687312826033,9.39521438446325e-4,0.0027533490390072
ENSG00000211751,AC245427.1,113.083404739175,1.03624682648629,5.84149697575084e-12,7.39119074531165e-11
ENSG00000143119,CD53,512.698065027081,1.03621140908074,2.20676871936657e-25,2.62119777312321e-23
ENSG00000186818,LILRB4,168.422015462954,1.03566030819213,1.39352764187043e-19,6.09054994884393e-18
ENSG00000109321,AREG,132.99873227255,1.03452328119355,1.34616674297951e-13,2.24991699369701e-12
ENSG00000100373,UPK3A,2.19289677269221,1.03338511916174,6.01958610982054e-5,2.26487155465739e-4
ENSG00000085831,TTC39A,638.282432054412,1.03237199101027,1.0804787333584e-35,5.83106185991788e-33
ENSG00000166589,CDH16,4.04457810230868,1.03205957636559,6.64734329180565e-5,2.48186815284959e-4
ENSG00000235576,LINC01871,16.5111372719664,1.02951553334876,1.55840636876761e-11,1.84138210874135e-10
ENSG00000080644,CHRNA3,27.1895631894594,1.02886024771492,3.16216693693088e-13,4.97785632272093e-12
ENSG00000156127,BATF,90.9617213663825,1.02865582312945,1.62405861371546e-15,3.68530668057461e-14
ENSG00000226777,FAM30A,17.5817421332448,1.02858209747962,8.54758381586053e-5,3.11866208449056e-4
ENSG00000007264,MATK,117.208318291867,1.0280449349231,1.92242594957747e-17,6.03340381773207e-16
ENSG00000145107,TM4SF19,4.6226966910579,1.02743710053907,8.73407353132356e-8,5.55672412647636e-7
ENSG00000250777,AC131956.2,0.882832761163243,1.02662323289149,0.010432767730381,0.0234834854726678
ENSG00000006327,TNFRSF12A,463.855060343842,1.0261128890535,9.72185441368987e-20,4.36428636202262e-18
ENSG00000008517,IL32,364.093948879159,1.02581605378515,2.14652492791354e-16,5.6749181400909e-15
ENSG00000134940,ACRV1,2.94851586205784,1.02559828797831,2.51312642538976e-5,1.02276005754591e-4
ENSG00000211728,TRBV5-6,2.53311618493955,1.02535613383813,8.2651588256961e-5,3.02183457802512e-4
ENSG00000211789,TRAV12-2,3.99574541175168,1.02524732623805,1.00377748884351e-6,5.32566278276128e-6
ENSG00000229526,KRT16P4,6.75103689700659,1.02381899168312,3.10568600351477e-8,2.12685944930356e-7
ENSG00000253417,LINC02159,11.1427994748165,1.02358798321296,3.99065088379504e-7,2.26751907050153e-6
ENSG00000169894,MUC3A,2.76552545527462,1.02334610168891,3.70192261808233e-5,1.46058850912101e-4
ENSG00000228668,TRGV5P,2.07626364690042,1.02307298603985,0.00165318221513873,0.00456306965652869
ENSG00000113263,ITK,131.704124192787,1.02027518016726,2.07589602471063e-16,5.51167046133062e-15
ENSG00000173559,NABP1,424.367036672077,1.01973145562132,2.06350191423371e-20,1.05404187285704e-18
ENSG00000158714,SLAMF8,248.457972822488,1.01598988711755,3.41131033763166e-19,1.41378596213198e-17
ENSG00000272189,AL024508.2,12.8912934409069,1.01482492991269,1.40524898578679e-11,1.67075220652093e-10
ENSG00000197641,SERPINB13,2269.55979382725,1.01480264150337,6.4479370260754e-19,2.54888593427264e-17
ENSG00000280721,LINC01943,8.61612936075188,1.01473406776172,1.78430217223705e-7,1.07512867538312e-6
ENSG00000164283,ESM1,3.77572981985738,1.0119969383183,3.39484665291632e-5,1.34778615318483e-4
ENSG00000234883,MIR155HG,14.5743386186003,1.01123319528993,4.61450615379883e-9,3.67753179030677e-8
ENSG00000120498,TEX11,5.59161832285579,1.01123081161836,4.05802813994776e-5,1.58421998072343e-4
ENSG00000211895,IGHA1,1379.63724491057,1.01094823129165,9.57956857838064e-6,4.22402824082237e-5
ENSG00000283686,AC083841.4,2.73096790289356,1.01032816827419,0.00622668085430721,0.0149234748221835
ENSG00000101057,MYBL2,322.586245532342,1.0101829681268,3.49568643337985e-14,6.42342085186193e-13
ENSG00000198805,PNP,1412.49441307974,1.00990759256299,5.20502816122912e-30,1.31851861329095e-27
ENSG00000214814,FER1L6,1.6806734424535,1.00979367000256,0.00485555595434165,0.0119464000561478
ENSG00000236969,GGT8P,1.05654477518384,1.00967479281383,0.0176069950831431,0.0372755972146535
ENSG00000250620,LINC02515,1.42358377104654,1.0084188628379,0.00332730570795548,0.00852692930731856
ENSG00000143333,RGS16,70.8905427033314,1.00828185780004,1.76442681496704e-15,3.97998434205206e-14
ENSG00000163638,ADAMTS9,169.413622155168,1.0079468595127,5.83342289128596e-14,1.03661219238492e-12
ENSG00000133636,NTS,10.2679835845185,1.00747132215269,1.21729268397498e-6,6.37806899106775e-6
ENSG00000134668,SPOCD1,12.1363602196049,1.00737345595014,4.51782656832525e-7,2.54839910380992e-6
ENSG00000211697,TRGV5,2.26058212469413,1.00692068728025,0.00109392921430691,0.00315795799730612
ENSG00000182481,KPNA2,1236.15601851829,1.00672491151925,1.49234290843353e-36,8.82081254806249e-34
ENSG00000102445,RUBCNL,87.6718403820424,1.0046150392574,2.44076823448067e-21,1.5072654582334e-19
ENSG00000075618,FSCN1,2505.36158692171,1.00313753156302,5.26166590909828e-27,8.1638035120853e-25
ENSG00000125538,IL1B,68.6387147589707,1.00309201071376,9.83984944692524e-6,4.33187200780137e-5
ENSG00000175264,CHST1,39.6798259963758,1.0029763217099401,2.40626804488529e-11,2.78228245059512e-10
ENSG00000154217,PITPNC1,183.791124147749,1.00231475810455,2.19238328754868e-23,1.84494627503037e-21
ENSG00000147509,RGS20,194.500488324912,1.00153541146236,1.44803577055856e-28,2.80839750032159e-26
ENSG00000170956,CEACAM3,5.17853148762787,1.00100063725045,4.240072282935e-6,2.01146176999544e-5
ENSG00000211772,TRBC2,263.21121852074,1.00027031978365,5.34695944856936e-13,8.06233708942979e-12
ENSG00000002587,HS3ST1,40.3528165099172,1.0001599602482,5.32344623536119e-11,5.80388901154333e-10
ENSG00000272825,AL844908.1,5.08200750783986,1.00007498643393,1.56771977514314e-6,8.05769014863943e-6
ENSG00000149970,CNKSR2,54.2495531658311,-1.00182775931245,5.23862849197392e-14,9.37627630232535e-13
ENSG00000225398,PGM5P4,4.55581845187206,-1.00187581113102,3.97120882498055e-7,2.25853972692193e-6
ENSG00000188536,HBA2,301.988790547946,-1.00272156799372,6.54479473367211e-7,3.58110049070774e-6
ENSG00000248780,ARL4AP2,0.905624348008046,-1.00419003436761,0.0101928207290218,0.0230012521223495
ENSG00000235563,AL445183.2,1.14283948717252,-1.00516105737173,0.00195343324213701,0.00529930939089186
ENSG00000108684,ASIC2,11.3462705477739,-1.00625254436827,3.49838445992278e-9,2.83907794107823e-8
ENSG00000180532,ZSCAN4,5.04788315047192,-1.00791121094035,2.76555383820959e-7,1.61184125880131e-6
ENSG00000168079,SCARA5,3386.29864327412,-1.01098977789587,1.60606072599559e-15,3.6478003223093e-14
ENSG00000145526,CDH18,6.3229248167089,-1.01127115239334,2.3701160772446e-10,2.32469899713936e-9
ENSG00000251399,AC092542.1,3.27807591016286,-1.01273397044918,1.37224623674446e-6,7.12529027968653e-6
ENSG00000279013,AC110774.1,2.36637857521153,-1.01624218208456,2.93260143980241e-5,1.17745157274939e-4
ENSG00000127083,OMD,300.780910970767,-1.01725932272694,2.85125580487873e-13,4.54607741529316e-12
ENSG00000274294,AC015660.4,2.80914486540161,-1.01803215672701,3.73117890421429e-6,1.79126892858479e-5
ENSG00000116882,HAO2,102.210127981506,-1.01825364923075,1.20932465414152e-4,4.27291268702864e-4
ENSG00000137441,FGFBP2,208.122348169449,-1.01851680116603,1.58912699739482e-11,1.87242865312601e-10
ENSG00000174697,LEP,68.2115692541811,-1.01898173966751,3.5148699805999e-5,1.39209711659848e-4
ENSG00000229896,AL157373.2,5.63610948914903,-1.01954013356079,1.497124028072e-10,1.51698383660765e-9
ENSG00000177182,CLVS1,20.4379200460171,-1.01960142493668,3.82179703133415e-13,5.91496953259789e-12
ENSG00000188393,CLEC2A,370.676953145512,-1.02079455089375,1.11348625113245e-15,2.60776379097765e-14
ENSG00000124939,SCGB2A1,25.8345670099249,-1.02180153237151,3.34329765565956e-7,1.92390737834373e-6
ENSG00000184144,CNTN2,33.134825125421,-1.02534215281296,1.49712004104173e-21,9.83227646001612e-20
ENSG00000119457,SLC46A2,860.546467360595,-1.02545465724268,2.46628790997298e-16,6.4515908709251e-15
ENSG00000111404,RERGL,79.6321008671988,-1.02676223776648,6.304532507114e-11,6.7723937468241e-10
ENSG00000131386,GALNT15,1248.39270243727,-1.02889905251838,7.30417099056673e-10,6.62499250423161e-9
ENSG00000225391,NHEG1,3.05753952160428,-1.03026539423491,1.15456899764773e-5,5.01349927699928e-5
ENSG00000115474,KCNJ13,39.2141200987728,-1.0308312251055,2.58355000996454e-16,6.72291708567818e-15
ENSG00000251655,PRB1,2.06421216339039,-1.03232115835192,0.00104142719557728,0.00302273238982881
ENSG00000165953,SERPINA12,8215.15873433273,-1.03394773258232,1.39130433855974e-19,6.09054994884393e-18
ENSG00000237949,LINC00844,5.90514227144144,-1.03443976568898,8.72155351736513e-8,5.55302811153089e-7
ENSG00000132975,GPR12,219.559432349884,-1.03493939514705,6.02810638972602e-10,5.54867412402479e-9
ENSG00000184507,NUTM1,2.16852341291565,-1.03587264801595,2.48091257753582e-5,1.01047833859437e-4
ENSG00000087495,PHACTR3,37.7160565655211,-1.03597538504382,2.40817457255249e-16,6.31287579341241e-15
ENSG00000136155,SCEL,9341.82775176556,-1.0368806904196,6.01828428750115e-23,4.71305701694688e-21
ENSG00000172164,SNTB1,463.39995571061,-1.03922354155567,6.91865411800044e-28,1.19724261057089e-25
ENSG00000099994,SUSD2,610.198289705771,-1.03937406231226,8.65405392330344e-26,1.10172763408209e-23
ENSG00000139865,TTC6,12.2282056852048,-1.03996302207848,6.54093320693607e-6,2.98270879614599e-5
ENSG00000184022,OR2T10,2.48747936047059,-1.0408502357908,1.0537826856107e-4,3.76676100364084e-4
ENSG00000179083,FAM133A,2.91368333479909,-1.04106379815909,9.48722946910135e-6,4.18628637700749e-5
ENSG00000144331,ZNF385B,18.1592607920105,-1.04168757749141,1.80470554583806e-13,2.9474878404888e-12
ENSG00000171885,AQP4,4.43263367487416,-1.04479986887874,0.00183644546140814,0.00501261776574569
ENSG00000243572,LINC02017,2.02036246161708,-1.04721563775326,0.00581185244005503,0.0140337591463993
ENSG00000254291,AC011676.4,2.01307611078642,-1.04773300941294,7.8004331868845e-4,0.00232859251881202
ENSG00000253959,LINC01863,5.64765503816242,-1.04801102179639,1.67637480423331e-6,8.56472618133196e-6
ENSG00000166763,STRCP1,4.70657149735689,-1.04856930299406,1.55449225228181e-8,1.12246277378987e-7
ENSG00000187527,ATP13A5,107.809018899783,-1.04903568954811,5.20912135917688e-20,2.45848740953547e-18
ENSG00000260876,LINC01229,36.4415846637412,-1.04903631664988,4.21821048056491e-19,1.72232031546092e-17
ENSG00000234715,AC005064.1,8.21711493845565,-1.04958175705063,5.38347537254345e-10,4.99233381110912e-9
ENSG00000261204,AC004449.1,2.2940208405037,-1.05054323409189,3.90742899624964e-5,1.53362727006952e-4
ENSG00000272610,MAGI1-IT1,9.22853590875746,-1.05318819690366,6.83641050887684e-15,1.3968221471841e-13
ENSG00000249252,AC098829.1,1.16945729639664,-1.05461192792436,0.00296710710226921,0.00768476096127627
ENSG00000250125,LINC02232,5.43322362185942,-1.05506176672411,9.26738263869149e-7,4.94758653775304e-6
ENSG00000134548,SPX,7.16213853115241,-1.05566013745289,3.75287438032729e-6,1.80063986261355e-5
ENSG00000204361,NXPE2,1.5717694422785,-1.05594860046055,0.00159526624042213,0.00441548493906559
ENSG00000130226,DPP6,109.658326849255,-1.05727138142479,7.94745743689832e-14,1.3768013319679e-12
ENSG00000162040,HS3ST6,512.565329082685,-1.05767886308039,5.96648077407643e-15,1.23123761609682e-13
ENSG00000196091,MYBPC1,64.420850819461,-1.05793841110724,2.21624038109134e-9,1.86060762463959e-8
ENSG00000261502,AC040174.1,4.69913744934187,-1.05832022827153,8.7317237386973e-8,5.55665321233428e-7
ENSG00000237571,AC073284.1,1.7642976993688,-1.06299499121141,3.20066927519749e-4,0.00104082544873956
ENSG00000168539,CHRM1,74.4750204343675,-1.06376067865529,4.52071002634094e-15,9.5593378538257e-14
ENSG00000144891,AGTR1,214.570021601646,-1.06392751464759,5.38409360169355e-16,1.3326034263414e-14
ENSG00000179242,CDH4,44.0016210757202,-1.06507116661809,3.24977711641192e-14,5.98928856087053e-13
ENSG00000254154,AL359075.2,2.42386271625859,-1.06749344423436,6.13481490709579e-6,2.81197895252313e-5
ENSG00000143365,RORC,569.411509093157,-1.06826221726791,5.66506665294817e-37,3.80095350430914e-34
ENSG00000150625,GPM6A,17.3651035648822,-1.0692791077236,5.04741098302768e-13,7.67311559422303e-12
ENSG00000042832,TG,171.139410082336,-1.06971191489782,3.139354438491e-18,1.12459558348541e-16
ENSG00000235535,AL445259.1,1.74438256205487,-1.06987768410817,1.35690111882254e-4,4.74504441115223e-4
ENSG00000215187,FAM166B,25.0034927678103,-1.07036668986063,7.46859962051663e-14,1.30019625230943e-12
ENSG00000253177,AC104211.1,1.66351387047728,-1.07075290353012,6.94061252642667e-4,0.00209535091777383
ENSG00000181143,MUC16,56.2444670723586,-1.0739723670587,3.84138220709886e-11,4.29173327143246e-10
ENSG00000168484,SFTPC,25.7175877097375,-1.07733104297072,8.59552505823204e-13,1.2485892894711e-11
ENSG00000101204,CHRNA4,1.43930013872409,-1.07767249741461,5.05902118266187e-4,0.00157322060452939
ENSG00000124116,WFDC3,204.30518858663,-1.0810324712341,6.1450850545792e-10,5.64797247241498e-9
ENSG00000172201,ID4,1513.74207303121,-1.08146485178374,3.99694092642332e-28,7.13842147470928e-26
ENSG00000255648,AC087242.1,3.31594993950706,-1.08543526078818,2.31087583716914e-7,1.36394419062587e-6
ENSG00000224609,HSD52,3.17734021692253,-1.08545927373799,4.7960614479385e-5,1.84107353402e-4
ENSG00000151704,KCNJ1,15.8776133928745,-1.08605275372942,1.99693735608425e-13,3.2486218784267e-12
ENSG00000257831,AL136418.1,8.67247655445325,-1.0868817185271,4.50616119517349e-10,4.24375765061388e-9
ENSG00000279246,AP003108.3,8.42485205376909,-1.08800622320875,2.40755165478773e-15,5.31739055427983e-14
ENSG00000165966,PDZRN4,65.6269108544991,-1.09044685375715,3.00407000560108e-11,3.40685417492219e-10
ENSG00000157368,IL34,1012.46446722319,-1.09451252820994,2.38479162345442e-21,1.48377072812672e-19
ENSG00000229246,LINC00377,1.21813986343977,-1.09623774622848,0.0032658010209703,0.00838489092414806
ENSG00000107984,DKK1,90.6885998044682,-1.09933817491287,1.85574698629396e-9,1.57878406219149e-8
ENSG00000135697,BCO1,9.70853389632097,-1.10229258467984,8.29141468116101e-13,1.20936762314819e-11
ENSG00000127831,VIL1,2.05957910523248,-1.1022977778245,5.82179088859368e-5,2.19577573396138e-4
ENSG00000240708,LINC02030,4.82783920257789,-1.10598479081311,1.04991720783229e-4,3.75402487173218e-4
ENSG00000160868,CYP3A4,72.5445693396689,-1.10747097860241,2.18817289697434e-13,3.54336333727716e-12
ENSG00000143520,FLG2,82663.6022802823,-1.10844173162043,1.49087105232349e-9,1.28707816034445e-8
ENSG00000224999,VTA1P1,3.436243368033,-1.10937853669319,1.1865835642316e-7,7.36791820461468e-7
ENSG00000261329,AC016597.1,5.30390721460035,-1.11137185932924,1.24357004187906e-9,1.08810850526828e-8
ENSG00000284309,AL391650.2,2.66820379621872,-1.11420285832974,4.3665228104692e-5,1.69373326202965e-4
ENSG00000170743,SYT9,5.94937952918885,-1.11825419056024,2.01319645377262e-7,1.20225167103453e-6
ENSG00000166869,CHP2,3227.54245669298,-1.11928058327141,1.64869539899696e-19,7.0933905164817e-18
ENSG00000124003,MOGAT1,13.1042571416804,-1.11968824437895,0.00923585967834142,0.0211061511710653
ENSG00000162706,CADM3,788.007660266671,-1.11995089950123,1.84588940081722e-21,1.19333865560644e-19
ENSG00000174482,LINGO2,4.88666344670286,-1.12220580330329,5.55433464271488e-7,3.07919512071007e-6
ENSG00000227718,AC016730.1,2.7642844019293,-1.12251005914139,4.28702743902049e-5,1.66574338614779e-4
ENSG00000235399,AL135902.1,1.5618577153803,-1.12400146494438,8.59573726616132e-4,0.0025436783601437
ENSG00000079841,RIMS1,9.76631398132526,-1.12988966653767,4.37014079021865e-7,2.47070701701612e-6
ENSG00000198785,GRIN3A,9.96190819988901,-1.13137161947948,2.00254224378605e-11,2.33066625419544e-10
ENSG00000039987,BEST2,113.741756348599,-1.13176638366016,1.49175974040688e-13,2.4738099903541e-12
ENSG00000114248,LRRC31,2.77782358657745,-1.13178170629582,0.0010693412582757,0.00309542872396155
ENSG00000165125,TRPV6,242.118544170622,-1.13327049933042,2.10636415467009e-30,5.94210115223694e-28
ENSG00000254153,AC103957.2,19.3784174719827,-1.13537814333287,9.65939945936633e-19,3.71774560587239e-17
ENSG00000189433,GJB4,1086.32149707689,-1.13648508785718,4.05714200501789e-20,1.94437355742411e-18
ENSG00000152578,GRIA4,16.3261000239026,-1.13724118957787,3.25814743338757e-12,4.31839348819255e-11
ENSG00000164266,SPINK1,11.267643693196,-1.13804745635841,1.19080915149757e-9,1.0464367145461e-8
ENSG00000206172,HBA1,94.3751669081011,-1.14009988348518,3.74911999575116e-8,2.53394783268507e-7
ENSG00000268751,SCGB1B2P,877.677122521322,-1.14237781723542,9.13828148124711e-6,4.04814128786509e-5
ENSG00000235091,BX324167.1,21.4939601639732,-1.1428771555874,1.21513289033581e-10,1.25013153761237e-9
ENSG00000180999,C1orf105,8.01204795443704,-1.14337633992914,1.81748345921356e-7,1.09379459090852e-6
ENSG00000249721,AC112206.3,2.27364260556144,-1.14423840847826,1.35852783974723e-4,4.74872622102578e-4
ENSG00000273238,AC116565.1,62.507773336782,-1.14511696652106,9.91218748739211e-16,2.35023929679569e-14
ENSG00000067842,ATP2B3,1.25221835364829,-1.14532588778117,0.00241419922780483,0.00640236041344459
ENSG00000221878,PSG7,24.2801257848321,-1.14620752637235,1.12463387092581e-9,9.91443034294503e-9
ENSG00000227210,AC079145.1,1.02838487538463,-1.14811114988641,0.00304642687052697,0.00787376856437606
ENSG00000130035,GALNT8,69.830902188023,-1.14822144495251,3.73478005951708e-13,5.80199718257268e-12
ENSG00000177938,CAPZA3,9.18485552123717,-1.15155875638518,1.28634648056579e-12,1.81647049943378e-11
ENSG00000040731,CDH10,6.00950540863633,-1.15252602417245,1.18964191173393e-5,5.1558764767449e-5
ENSG00000125355,TMEM255A,87.3819897586651,-1.15296518403967,5.57519301453084e-31,1.79745670890556e-28
ENSG00000254423,AC087203.1,18.8827441670691,-1.15398835709288,1.48364059181488e-6,7.65247822393611e-6
ENSG00000120903,CHRNA2,10.5197478906266,-1.15454203354815,4.5517956601013e-6,2.14703262895715e-5
ENSG00000272320,AL445309.1,4.33087871328792,-1.15480730497673,6.23517004081664e-11,6.70658995941391e-10
ENSG00000170615,SLC26A5,9.38785741507243,-1.15744390035869,3.10140033336722e-16,7.96197138323073e-15
ENSG00000141449,GREB1L,42.2179618477482,-1.15771349657548,1.15538183269274e-15,2.70078662868148e-14
ENSG00000237643,AL365226.2,85.6884819129556,-1.15866502795188,3.22664574740822e-16,8.2623541939244e-15
ENSG00000159763,PIP,1758.66890840763,-1.15885509380407,3.40483721906071e-5,1.35110428329895e-4
ENSG00000099769,IGFALS,6.64419162794541,-1.15886237636121,1.48942892531605e-9,1.286984791889e-8
ENSG00000254447,OR7E11P,3.93606087315939,-1.16222801713165,3.64425868366331e-10,3.47689169185018e-9
ENSG00000169994,MYO7B,86.4821247534936,-1.16247991068576,1.36189791346663e-19,5.99452406060446e-18
ENSG00000124440,HIF3A,86.3091505457054,-1.16347686017708,2.06285263969112e-15,4.60524431477805e-14
ENSG00000248362,AC011352.1,21.97488668065,-1.16371586548207,3.79076015190813e-12,4.95814651059638e-11
ENSG00000108231,LGI1,8.18096369622235,-1.16873011652969,1.41885523993852e-10,1.44238662291047e-9
ENSG00000185610,DBX2,15.0663655163897,-1.17122538892869,8.43217914022134e-14,1.45670735668751e-12
ENSG00000128242,GAL3ST1,4.60125075540264,-1.17545022134388,9.60970425911548e-9,7.19206838204829e-8
ENSG00000120057,SFRP5,21.7320069275981,-1.17671247793055,1.34239473256707e-11,1.60293166118218e-10
ENSG00000164434,FABP7,606.279808154312,-1.17812634846282,2.36933342073837e-7,1.39612395371066e-6
ENSG00000186732,MPPED1,9.66724739878368,-1.17870373973605,9.21215718868528e-12,1.12822793393741e-10
ENSG00000251189,AC010425.1,1.00578757080175,-1.18131600296016,0.00192278043296719,0.00522324862542446
ENSG00000164176,EDIL3,348.826811788904,-1.18964790511603,7.79719983540643e-37,4.96321758753756e-34
ENSG00000259433,AC051619.3,1.79542326947061,-1.19076251969097,1.83701482229725e-4,6.24967698554603e-4
ENSG00000214491,SEC14L6,1358.81288663184,-1.19091109300873,5.08201498147058e-7,2.84274497329894e-6
ENSG00000284633,AL031590.1,7.12296394709977,-1.1919095717652,3.96191590778431e-13,6.11607138058813e-12
ENSG00000034971,MYOC,52.6259339272903,-1.19197211053358,1.79778023562187e-11,2.10717159345198e-10
ENSG00000132702,HAPLN2,3.94353478897962,-1.19372609418313,1.64537843696986e-7,9.97229484809004e-7
ENSG00000109906,ZBTB16,199.857224910199,-1.19467824620073,6.61462693918213e-14,1.16707969982371e-12
ENSG00000163884,KLF15,74.7619581334499,-1.19695637063396,3.18882733035502e-18,1.13910136213819e-16
ENSG00000258740,AL691403.1,2.05275758348575,-1.19714029948119,2.27454921880451e-5,9.33934574211413e-5
ENSG00000261409,AL035425.3,9.85887624103055,-1.19839059684814,3.39824758890934e-17,1.02729508093509e-15
ENSG00000134240,HMGCS2,201.087959700458,-1.19992014890727,9.55424912161767e-9,7.15919814199091e-8
ENSG00000105989,WNT2,52.507463079776,-1.20226129622801,8.41730221262216e-15,1.69502984304114e-13
ENSG00000257700,AC055716.3,1.89392722603523,-1.20382953525573,2.21912868630478e-4,7.42551147560535e-4
ENSG00000073734,ABCB11,10.4541952173876,-1.20699393269899,2.24918640381501e-10,2.21835726955533e-9
ENSG00000141469,SLC14A1,126.303705359606,-1.21036729594982,1.17235108893397e-7,7.292311646902e-7
ENSG00000198547,C20orf203,4.90065521296605,-1.21065599143986,8.55532063193812e-11,8.99939977490949e-10
ENSG00000228353,AL450322.1,4.58008666454473,-1.2186939147326,7.16733005961809e-12,8.91874529975033e-11
ENSG00000203280,AL022323.1,6.23180610488669,-1.21913866781477,1.94703523911363e-10,1.94039140148518e-9
ENSG00000161055,SCGB3A1,12.3179237859319,-1.21950172642451,5.43093046008971e-6,2.51676028881327e-5
ENSG00000145626,UGT3A1,1.48764699468848,-1.22050964577135,0.0043989232494202404,0.0109520880219494
ENSG00000268621,IGFL2-AS1,44.0130677201915,-1.22138997772675,2.53511278731998e-14,4.76413133574705e-13
ENSG00000254235,AC022784.6,4.77361618922821,-1.22194915809687,1.76275337814042e-8,1.26146879828008e-7
ENSG00000218227,AC136632.1,22.2974444330788,-1.22797916688103,1.96852040421923e-12,2.71945014105411e-11
ENSG00000116678,LEPR,856.440870205279,-1.23120332931764,6.24364796117306e-23,4.87416857346293e-21
ENSG00000144057,ST6GAL2,16.2219406327692,-1.23548884821267,1.69846368401754e-13,2.78680508630108e-12
ENSG00000253397,AC069113.2,4.54616282122698,-1.23828525683366,1.51715854246075e-5,6.45355291568773e-5
ENSG00000175920,DOK7,18.7525986609578,-1.23936837290888,1.66307644573045e-14,3.19056203750065e-13
ENSG00000130598,TNNI2,292.108563761401,-1.24145266966462,7.98826921228545e-15,1.61489237129468e-13
ENSG00000232316,LINC02518,6.11211880163087,-1.24168152590386,4.61732842805961e-8,3.07223742231519e-7
ENSG00000226005,AL513303.1,8.02296055104888,-1.24378288381307,1.12518623964015e-11,1.35925782963828e-10
ENSG00000228812,LAMA5-AS1,3.1532399209428,-1.24663720040417,2.28336008745456e-9,1.91049592757194e-8
ENSG00000156284,CLDN8,219.105280769672,-1.24966156627698,3.30936764183097e-23,2.72036595061106e-21
ENSG00000124935,SCGB1D2,1280.76999784955,-1.25174540112018,1.50481004588201e-6,7.75200443847703e-6
ENSG00000255494,LINC00681,14.5178241261549,-1.25175341839461,1.14152709180506e-11,1.37832733725976e-10
ENSG00000223561,AC005165.1,19.0865304630766,-1.25901078762677,1.11085893033189e-9,9.79995484914329e-9
ENSG00000224521,AC098483.1,4.86319680791502,-1.2619554147913,6.79895434417354e-8,4.40459398732015e-7
ENSG00000164129,NPY5R,16.4532215483482,-1.26414304206257,2.13884156294356e-15,4.74926134168818e-14
ENSG00000187045,TMPRSS6,32.7527049184954,-1.26744361264931,1.38331144346317e-16,3.80717367893273e-15
ENSG00000145864,GABRB2,14.8295391899779,-1.26919369074042,1.06618110688406e-12,1.52729059309849e-11
ENSG00000204941,PSG5,2.91412487634557,-1.2723015156071,3.2942649945386e-6,1.59789231124308e-5
ENSG00000259666,LINGO1-AS1,1.34732729182807,-1.27319833572041,3.90864360966754e-4,0.00124511840895671
ENSG00000187821,HELT,4.59756257075691,-1.2749518124955,1.81117703773935e-8,1.29351179407018e-7
ENSG00000232032,AC079781.2,2.62759435145111,-1.2757323468832,4.59172301485667e-6,2.16339957949928e-5
ENSG00000229400,AL596330.1,4.33048114212202,-1.27702309129561,4.44044219270716e-7,2.50873867623931e-6
ENSG00000141744,PNMT,6.58011092431293,-1.27844944180713,1.02308361191475e-9,9.08046144647256e-9
ENSG00000151365,THRSP,979.445878024131,-1.27872031308219,2.4947441813145e-6,1.23666182709929e-5
ENSG00000253958,CLDN23,182.33088006407,-1.2794268297331,2.99307872347118e-41,2.85781458885277e-38
ENSG00000214546,AC087491.1,10.21449225095,-1.28258256533014,1.00235462235898e-14,1.98749628594742e-13
ENSG00000228275,ARMCX3-AS1,1.09732248831623,-1.28795442083897,0.00254654825516233,0.00670819826341309
ENSG00000144583,MARCH4,6.75589990745081,-1.28930276487236,7.55036318063704e-12,9.36252577219353e-11
ENSG00000179133,C10orf67,28.5421532322445,-1.2902460139236,1.04726809206551e-21,6.98882537245329e-20
ENSG00000115361,ACADL,51.4053714015019,-1.29147952312896,6.25661814660554e-28,1.09380665837664e-25
ENSG00000006747,SCIN,147.491218794696,-1.29714405469635,2.4190626875261e-29,5.41020101061581e-27
ENSG00000103569,AQP9,1008.62483439745,-1.29972714145401,2.65326613462968e-31,9.14824052669192e-29
ENSG00000196616,ADH1B,2637.95455533132,-1.31839058031669,8.17153002839366e-15,1.64925392646238e-13
ENSG00000182230,FAM153B,140.433309530045,-1.32268398975252,5.83378851999442e-17,1.69384561413873e-15
ENSG00000204118,NAP1L6,2.94071691315033,-1.3228334818052,7.50426785811541e-7,4.06665465133628e-6
ENSG00000279317,AC006994.2,3.14532410747107,-1.32550218990835,2.25617587474426e-9,1.89029922681493e-8
ENSG00000277748,AC006262.4,16.4323728675265,-1.32852045511086,2.4757136831495e-11,2.85858568298541e-10
ENSG00000268093,AC022154.1,1.82460134500076,-1.33248127338207,8.46662546117118e-7,4.5504216729503e-6
ENSG00000127324,TSPAN8,344.82592909443,-1.33684954613693,2.33413060779959e-12,3.16984640802105e-11
ENSG00000234511,C5orf58,3.04576841843811,-1.34197660909797,4.48224489818575e-6,2.11583437150525e-5
ENSG00000122872,ARL4AP1,1.29384674717414,-1.34245036633478,0.00185648399106922,0.00506230394093732
ENSG00000234770,GULOP,2.41886332124548,-1.34520705071169,4.52640810334713e-8,3.01497400497967e-7
ENSG00000277901,AL390037.1,1.54039454220562,-1.34649948358946,2.35042624588702e-6,1.17107046706408e-5
ENSG00000114854,TNNC1,39.1320333614536,-1.34702496263322,2.67444725753701e-15,5.87550028038551e-14
ENSG00000048540,LMO3,43.5263441520007,-1.34867922802252,1.51022993800111e-16,4.09742712687185e-15
ENSG00000186094,AGBL4,5.73099916951411,-1.3587955832593,2.08205338990569e-12,2.85405717307613e-11
ENSG00000149043,SYT8,1265.15186497041,-1.35885620541161,1.14231995557773e-21,7.58237778000461e-20
ENSG00000280362,AC084759.3,7.56964091545886,-1.36608882228259,1.27334720010299e-11,1.52783200785678e-10
ENSG00000178568,ERBB4,23.3068271787963,-1.36667736732061,2.80965299648581e-14,5.24433350659851e-13
ENSG00000259517,LINC02169,12.1169706055127,-1.3681028867267,1.69517992323547e-4,5.80773414219161e-4
ENSG00000236411,NDUFAF4P3,3.19552441673927,-1.3684172883612,5.71155655663183e-10,5.27686607809397e-9
ENSG00000178776,C5orf46,731.103847320421,-1.37611583675807,8.1989606724003e-18,2.75425167377994e-16
ENSG00000229255,AC138089.1,6.83754678115052,-1.37863536825844,1.57116936465813e-9,1.34822950147383e-8
ENSG00000204335,SP5,82.0150322577314,-1.39511946377381,1.16609896851831e-18,4.43314041247579e-17
ENSG00000255556,AC087203.2,12.7593828393003,-1.39572113920778,2.42886515496412e-7,1.42916751533501e-6
ENSG00000173610,UGT2A1,22.7818526403528,-1.39682745898613,8.36846331824476e-8,5.3460396777001e-7
ENSG00000118526,TCF21,0.961489684735997,-1.4021987875541,0.00551856376738246,0.0134020097752194
ENSG00000204677,FAM153C,15.1766819746056,-1.40364124764349,7.97995812313462e-18,2.68431518166419e-16
ENSG00000007952,NOX1,5.61474549969622,-1.40419763356412,7.51030659941688e-13,1.10256275180677e-11
ENSG00000161132,AC007663.1,3.4265521682924,-1.40856310783753,3.16220679618535e-10,3.03917087554399e-9
ENSG00000233005,AC018742.1,10.6493735991995,-1.41196060502149,1.21353394287856e-13,2.04105556449596e-12
ENSG00000254813,AC123777.1,16.9099915325052,-1.4177249067442,3.84729790856177e-14,7.00213860557522e-13
ENSG00000136457,CHAD,55.4315891213844,-1.42448524241054,1.99510496944866e-19,8.46640698573726e-18
ENSG00000010282,HHATL,10.8488815839715,-1.42778549627431,5.83196505104162e-10,5.38410310123124e-9
ENSG00000231859,AC079781.1,5.27997319598423,-1.42780161902062,3.88586178909443e-15,8.30176582738978e-14
ENSG00000170509,HSD17B13,36.7103636292715,-1.43700115099087,7.94301754557707e-20,3.61808092787066e-18
ENSG00000255122,AC068587.4,5.69040892772888,-1.43832681098656,4.65107626941875e-12,5.98874317366807e-11
ENSG00000231648,LINC01698,26.3051808390991,-1.44637042585788,1.56526307254224e-15,3.56492254824414e-14
ENSG00000276663,AC009090.3,6.31590709637807,-1.4517942886862,2.69561528979931e-11,3.08238828048217e-10
ENSG00000213109,AL365223.1,1.2559753319078,-1.45199419190158,0.00505144873397401,0.0123695220774221
ENSG00000180613,GSX2,3.72297586116288,-1.45848021138887,5.80222358407485e-9,4.52103579644251e-8
ENSG00000279460,AC112243.1,25.708550401434,-1.46329959210648,7.08354488280827e-6,3.20950906580973e-5
ENSG00000229444,AL451062.1,1.44859947029316,-1.46344463707143,1.06885474256717e-5,4.67235763060924e-5
ENSG00000232524,AC073323.1,2.22990333480923,-1.4798052041886,0.00242907046643496,0.00643698487716139
ENSG00000124490,CRISP2,7.89617652506682,-1.48274784169942,4.4769275232478e-8,2.98521960152099e-7
ENSG00000269986,AC040174.2,1.80119127564623,-1.4839352570989,1.2727677402837e-7,7.86568562423272e-7
ENSG00000249379,AL033397.2,11.5833951311702,-1.489024732749,3.16874184422102e-5,1.26307026786748e-4
ENSG00000249853,HS3ST5,1.34316918844542,-1.49336576855781,0.00339073581932323,0.00867515373747287
ENSG00000154162,CDH12,19.4601076055729,-1.49441959021731,8.56840541641829e-18,2.86286224041163e-16
ENSG00000253595,LINC01300,13.1590952293999,-1.49597599194256,9.68065751103523e-12,1.17920668651349e-10
ENSG00000232987,LINC01219,4.16303691232854,-1.51282587678779,2.53749345862406e-9,2.10187771472613e-8
ENSG00000139445,FOXN4,2.90323640845182,-1.51752164843193,4.45879490559084e-7,2.51796140881011e-6
ENSG00000104537,ANXA13,4.35050913915717,-1.52466186375146,4.16008605963639e-11,4.62490534843141e-10
ENSG00000179796,LRRC3B,2.56144478971595,-1.52827950087888,4.98343013970898e-7,2.79200300650588e-6
ENSG00000102891,MT4,112.819270899961,-1.56321864939947,3.83940246934771e-10,3.65464594714559e-9
ENSG00000234285,GAPDHP49,6.29887793555748,-1.57127599614704,5.6800553108345e-11,6.14679045734378e-10
ENSG00000163145,C1QTNF7,248.334320507088,-1.57832712402448,1.95832931853389e-24,1.91399706033873e-22
ENSG00000234928,LINC01659,3.62461727571508,-1.58287082251715,6.23833125128061e-12,7.82945264474424e-11
ENSG00000276542,AC097478.3,2.5224587752404,-1.5835139017371,1.15875780976994e-6,6.09710950138591e-6
ENSG00000170965,PLAC1,4.63870918139457,-1.58727913800808,6.83545674484795e-14,1.20177205163492e-12
ENSG00000220377,GSTA8P,2.89064600934676,-1.60282427586341,9.36072437463542e-5,3.39191333528425e-4
ENSG00000215217,C5orf49,11.7928173011785,-1.63337179079985,4.62810522813194e-16,1.16405990160461e-14
ENSG00000147573,TRIM55,25.7790292277394,-1.63993852523719,1.8451362182529e-6,9.37484785471311e-6
ENSG00000188729,OSTN,5.68718587538263,-1.64041577916215,1.50272736184615e-11,1.77813187596904e-10
ENSG00000166220,TBATA,9.22184306949241,-1.64644477738196,6.06395242791534e-16,1.49047147547523e-14
ENSG00000152785,BMP3,11.617917369116,-1.64929250354018,3.40155712599656e-17,1.02729508093509e-15
ENSG00000156076,WIF1,86.5546636923278,-1.66249708397713,6.36074012352318e-12,7.97904868956357e-11
ENSG00000259052,AL157871.6,2.47434460215569,-1.66857185069184,1.10188297017115e-9,9.72768304925278e-9
ENSG00000189182,KRT77,4835.84364975749,-1.67796528182023,1.47523694625208e-35,7.79207599802298e-33
ENSG00000263639,MSMB,109.081108403476,-1.6803045538968,1.16571951919298e-20,6.31855612750345e-19
ENSG00000084453,SLCO1A2,2.17594369582304,-1.6803409411274,7.27735655941029e-7,3.95318110694443e-6
ENSG00000253844,AC064807.2,5.68842818645313,-1.69049361129947,1.5309094511562e-5,6.50656174027611e-5
ENSG00000173714,WFIKKN2,7.09294282891794,-1.69050708451247,9.86226056065314e-16,2.34287673127478e-14
ENSG00000256568,AP002761.2,1.13422818253935,-1.71160020280516,6.0527145241231e-5,2.275956347491e-4
ENSG00000147160,AWAT2,705.750598736657,-1.71625221773288,5.61678968519324e-7,3.11242865926166e-6
ENSG00000168490,PHYHIP,481.817537499561,-1.7468335834474,3.59168596002886e-44,4.69282126093244e-41
ENSG00000140465,CYP1A1,89.1631239035389,-1.77400372631401,2.0945449374032e-12,2.86959592003501e-11
ENSG00000255774,AP000439.2,24.1452195405318,-1.77584986063336,2.82074738729535e-24,2.67271198051936e-22
ENSG00000117594,HSD11B1,502.112268600158,-1.78351482952812,3.58696080374087e-40,3.07056213630576e-37
ENSG00000186439,TRDN,3.08161013342125,-1.79712056670855,1.16074735468262e-8,8.5760574642845e-8
ENSG00000277010,AC120498.10,1.24055157409508,-1.8106919558575,0.00485346485825904,0.0119424388052612
ENSG00000101446,SPINT3,5.0774116023276,-1.82066456824369,2.75060052694347e-8,1.90205175714127e-7
ENSG00000254043,AC011632.2,5.76918501439894,-1.84335240453152,6.51147669357699e-12,8.14344629310069e-11
ENSG00000169213,RAB3B,201.057041551048,-1.85191949064841,1.67849880167546e-43,1.9842253691235e-40
ENSG00000258700,LINC00871,1.95041416045972,-1.85679595795014,3.42251805611191e-4,0.00110558244297955
ENSG00000172955,ADH6,6.3313400350903,-1.865719337601,2.01783393083961e-10,2.00290793015167e-9
ENSG00000184210,DGAT2L6,669.298609007221,-1.87396326558785,5.67120817453246e-7,3.13978017245246e-6
ENSG00000233581,AC069155.1,1.44424368164356,-1.88221458703778,9.01438948116229e-6,4.00039719109499e-5
ENSG00000269600,AC016629.3,135.313688860673,-1.88955415393577,2.89416944743826e-36,1.67087805889895e-33
ENSG00000146857,STRA8,1.79233245738069,-1.90153337766267,5.26352103467046e-5,2.00255800284589e-4
ENSG00000278811,LINC00624,9.99545206238556,-1.91140695674111,1.21382618317389e-18,4.60049389271629e-17
ENSG00000073067,CYP2W1,105.317787101557,-1.92787984767169,3.44140761036241e-44,4.69282126093244e-41
ENSG00000282906,AL513321.2,6.49857410504629,-1.97193508070884,5.02629693509042e-15,1.05386673491233e-13
ENSG00000173124,ACSM6,64.7871370547942,-1.97500953077248,2.83180661395558e-8,1.95439530696267e-7
ENSG00000236543,AL354761.2,50.4823496450959,-1.98109212671608,1.09551438881189e-25,1.36664043729925e-23
ENSG00000232363,AL021391.1,1.18077040869175,-1.98196436186509,1.93828630614301e-5,8.08433426579304e-5
ENSG00000125571,IL37,1305.34233779719,-2.00069299700053,5.21342537255859e-32,2.12169319465192e-29
ENSG00000198156,NPIPB6,7.34659173238119,-2.06456256079352,4.0341981048068e-14,7.32083099063076e-13
ENSG00000250346,EEF1GP2,2.33228058993738,-2.11730268315602,0.00469708056169234,0.0116059545082126
ENSG00000196557,CACNA1H,280.496432420293,-2.15993655219615,6.32451400260119e-39,5.06471161659918e-36
ENSG00000253282,AP001330.1,9.45205211508104,-2.21840490069292,9.15788184709081e-27,1.34523323582266e-24
ENSG00000188984,AADACL3,792.224921411489,-2.23901431518494,3.5536358364661e-8,2.41167330891938e-7
ENSG00000236136,ADORA2BP1,7.88910261562401,-2.32313168598328,8.12450771850061e-27,1.21500544645649e-24
ENSG00000180720,CHRM4,14.955152027362,-2.34683060327563,3.15914741576176e-27,5.15037843181086e-25
ENSG00000186207,LCE5A,1386.04119432426,-2.35605648045611,3.92991071922287e-41,3.61333457795214e-38
ENSG00000181072,CHRM2,1.88001940097652,-2.41411646112888,2.41301552071286e-6,1.19998217751796e-5
ENSG00000142513,ACP4,2.75632699633952,-2.46289058694297,7.8193089213241e-12,9.65743004835177e-11
ENSG00000174808,BTC,446.506271267932,-2.49730828174453,1.93747617710062e-57,1.20244615241307e-53
ENSG00000227368,CDK8P2,4.33063261046979,-2.51262745837429,5.77492146034588e-17,1.68265757339303e-15
ENSG00000173467,AGR3,14.1466013633748,-2.66006012829824,1.73821106708683e-18,6.45974397311833e-17
ENSG00000148604,RGR,0.869362357831961,-2.76052210155715,0.00222970306430961,0.00597564272605916
ENSG00000168671,UGT3A2,140.539413092338,-2.83130153308961,1.85280056310253e-31,6.76408440867945e-29
ENSG00000165643,SOHLH1,4.70364279510947,-2.88162548006585,8.62644666323273e-14,1.48819693130474e-12
ENSG00000140505,CYP1A2,5.12821188185575,-3.02502583103617,2.55379857264869e-8,1.77884538625151e-7
ENSG00000171532,NEUROD2,3.64118340875384,-3.07631598790023,1.5265467884523e-18,5.71591614228179e-17
ENSG00000227012,LINC02527,4.86838561061262,-4.33814322754784,1.01483016681558e-5,4.45817711753615e-5
